WO,Pieces,PalletID,StartTime,EndTime,Duration,IsFull
84279511,10,1,22:31:55,06:31:20,07:59:24,False
84389300,10,1,02:38:35,04:17:41,01:39:06,False
84389300,10,1,04:18:57,05:37:54,01:18:56,False
84389300,10,1,06:05:04,22:18:20,16:13:16,False
84456350,10,1,01:52:15,04:00:38,02:08:23,False
84456350,10,1,04:16:38,11:19:20,07:02:42,False
84456350,10,1,11:20:48,11:33:49,00:13:00,False
84456361,10,1,22:14:38,01:54:05,03:39:27,False
84456361,10,1,02:11:40,04:08:00,01:56:20,False
84456361,10,1,04:27:50,09:41:15,05:13:24,False
84819394,10,1,13:13:15,13:19:52,00:06:37,False
84819394,10,1,13:20:12,13:44:24,00:24:12,False
84819394,10,1,13:44:44,13:59:37,00:14:53,False
84819394,10,1,14:00:23,14:04:13,00:03:49,False
84819394,10,1,14:04:32,14:20:22,00:15:49,False
84819394,10,1,14:20:43,14:25:25,00:04:41,False
84819394,10,1,14:25:45,14:39:32,00:13:47,False
84819394,10,1,14:40:00,14:43:46,00:03:46,False
84819394,10,1,14:44:04,15:16:05,00:32:01,False
84819394,10,1,15:16:25,15:20:01,00:03:35,False
84819394,10,1,15:21:21,15:40:52,00:19:31,False
84819394,10,1,15:41:30,15:52:31,00:11:01,False
84819394,10,1,15:52:51,15:57:51,00:04:59,False
84819394,10,1,15:58:10,16:20:36,00:22:26,False
84819394,10,1,16:20:55,16:31:13,00:10:18,False
84819394,10,1,16:31:33,16:43:35,00:12:01,False
84819394,10,1,16:43:54,16:51:51,00:07:57,False
84819394,10,1,16:52:11,17:05:31,00:13:20,False
84819394,10,1,17:05:49,18:05:07,00:59:17,False
84819394,10,1,18:05:16,18:08:29,00:03:12,False
84819394,10,1,18:08:40,19:18:39,01:09:58,False
84819394,10,1,19:19:10,19:30:15,00:11:05,False
84819394,10,1,19:30:43,20:39:59,01:09:16,False
84819394,10,1,20:40:07,20:43:14,00:03:07,False
84819394,10,1,20:43:22,20:46:38,00:03:15,False
84819394,10,1,20:46:58,21:35:45,00:48:47,False
84819394,10,1,21:36:20,21:41:07,00:04:47,False
84819394,10,1,21:41:25,21:46:21,00:04:56,False
84819394,10,1,21:46:30,22:05:13,00:18:42,False
84819394,10,1,22:05:27,22:10:12,00:04:45,False
84819394,10,1,22:10:33,22:14:20,00:03:47,False
84819394,10,1,22:14:34,22:18:58,00:04:23,False
84819394,10,1,22:19:25,22:42:40,00:23:15,False
84819394,10,1,22:43:04,23:18:28,00:35:24,False
84819394,10,1,23:19:01,23:23:14,00:04:13,False
84819394,10,1,23:23:53,23:30:22,00:06:28,False
84819394,10,1,23:30:30,23:36:19,00:05:49,False
84819394,10,1,23:36:47,23:41:15,00:04:28,False
84819394,10,1,23:41:37,00:38:57,00:57:19,False
84819394,10,1,00:39:26,00:46:03,00:06:37,False
84819394,10,1,00:46:12,01:38:31,00:52:19,False
84819394,10,1,02:49:25,03:20:29,00:31:03,False
84819394,10,1,03:36:31,03:40:52,00:04:20,False
84819394,10,1,03:41:01,03:44:34,00:03:32,False
84819394,10,1,03:44:49,03:48:27,00:03:37,False
84819394,10,1,03:50:10,03:53:09,00:02:59,False
84819394,10,1,03:53:35,04:21:31,00:27:56,False
84819394,10,1,04:22:02,04:25:18,00:03:16,False
84819394,10,1,04:26:55,04:30:53,00:03:58,False
84819394,10,1,04:31:08,04:36:11,00:05:02,False
84819394,10,1,04:37:46,04:40:34,00:02:48,False
84819394,10,1,04:41:28,04:47:11,00:05:43,False
84819394,10,1,04:47:50,06:10:30,01:22:40,False
84819394,10,1,06:10:48,06:13:35,00:02:46,False
84819394,10,1,06:13:56,06:24:07,00:10:10,False
84819394,10,1,06:24:28,06:33:45,00:09:17,False
84819394,10,1,06:35:20,06:42:42,00:07:22,False
84819394,10,1,06:43:04,06:53:30,00:10:26,False
84819394,10,1,06:53:48,07:18:23,00:24:35,False
84819394,10,1,07:18:49,07:34:49,00:16:00,False
84819394,10,1,07:35:11,07:42:51,00:07:40,False
84819394,10,1,07:43:09,07:56:07,00:12:58,False
84819394,10,1,07:56:29,08:00:36,00:04:07,False
84819394,10,1,08:04:03,08:08:42,00:04:39,False
84819394,10,1,08:13:07,08:21:38,00:08:31,False
84819394,10,1,08:21:57,08:28:37,00:06:40,False
84819394,10,1,08:29:01,09:21:37,00:52:36,False
84819394,10,1,09:21:56,09:25:03,00:03:07,False
84819394,10,1,09:27:09,09:32:21,00:05:11,False
84819394,10,1,09:32:43,09:42:36,00:09:52,False
84819394,10,1,09:43:31,09:57:38,00:14:07,False
84819394,10,1,09:57:59,10:02:22,00:04:22,False
84819394,10,1,10:02:46,10:08:30,00:05:43,False
84819394,10,1,10:08:47,10:14:07,00:05:20,False
84819394,10,1,10:14:30,10:22:41,00:08:10,False
84819394,10,1,10:26:11,10:31:37,00:05:25,False
84819394,10,1,10:32:01,10:39:05,00:07:04,False
84819394,10,1,10:39:28,10:50:06,00:10:38,False
84819394,10,1,10:50:36,10:55:42,00:05:05,False
84819394,10,1,10:56:04,10:59:56,00:03:52,False
84819394,10,1,11:00:19,11:10:21,00:10:01,False
84819394,10,1,11:12:50,12:40:43,01:27:53,False
84819394,10,1,12:41:02,12:52:36,00:11:34,False
84819394,10,1,12:52:54,12:57:22,00:04:27,False
84819394,10,1,12:57:56,13:11:49,00:13:52,False
84819394,10,1,13:12:00,13:15:27,00:03:27,False
84819394,10,1,13:15:48,13:37:36,00:21:47,False
84819394,10,1,13:37:55,13:44:05,00:06:09,False
84819394,10,1,13:44:24,13:53:35,00:09:11,False
84819394,10,1,13:53:54,14:03:15,00:09:21,False
84819394,10,1,14:06:07,14:14:01,00:07:54,False
84819394,10,1,14:14:23,15:22:18,01:07:55,False
84819394,10,1,15:22:44,15:27:17,00:04:33,False
84819394,10,1,15:28:12,15:54:33,00:26:20,False
84819394,10,1,15:54:51,15:58:40,00:03:49,False
84819394,10,1,15:59:24,16:07:36,00:08:12,False
84819394,10,1,16:09:35,16:17:47,00:08:11,False
84819394,10,1,16:18:07,16:43:51,00:25:43,False
84819394,10,1,16:44:13,16:53:12,00:08:59,False
84819394,10,1,16:53:34,20:06:12,03:12:38,False
84947013,10,1,12:53:54,12:58:32,00:04:37,False
84947013,10,1,12:59:00,13:03:56,00:04:55,False
84947013,10,1,13:04:32,22:32:05,09:27:33,False
84990118,10,1,08:34:05,09:24:56,00:50:51,False
85014104,10,1,05:36:28,11:25:41,05:49:12,False
85033817,10,1,06:33:38,08:19:28,01:45:50,False
85033817,10,1,08:24:22,15:24:13,06:59:50,False
85033817,10,1,15:27:24,20:22:04,04:54:40,False
85033818,10,1,13:54:37,18:29:34,04:34:57,False
85033818,10,1,18:32:43,20:20:41,01:47:57,False
85033818,10,1,20:23:41,20:38:20,00:14:38,False
85034196,10,1,00:42:02,01:01:20,00:19:17,False
85034196,10,1,01:02:48,01:15:41,00:12:52,False
85034196,10,1,01:17:46,02:05:53,00:48:06,False
85046346,10,1,22:12:57,22:20:12,00:07:15,False
85046346,10,1,22:20:34,22:26:47,00:06:13,False
85046346,10,1,22:27:11,22:58:30,00:31:19,False
85046346,10,1,23:02:27,01:11:19,02:08:51,False
85046346,10,1,01:11:52,07:04:31,05:52:38,False
85056820,10,1,22:04:25,22:27:50,00:23:25,False
85056820,10,1,22:30:19,22:59:03,00:28:44,False
85056820,10,1,22:59:29,23:18:42,00:19:13,False
85056820,10,1,23:19:27,23:34:59,00:15:31,False
85056820,10,1,23:35:59,00:32:47,00:56:47,False
85056820,10,1,00:33:23,00:43:00,00:09:37,False
85070747,10,1,06:48:11,22:11:13,15:23:01,False
85091936,10,1,23:00:06,23:29:17,00:29:11,False
85091936,10,1,23:29:46,00:32:16,01:02:29,False
85091936,10,1,00:32:44,00:41:52,00:09:07,False
85091936,10,1,00:42:56,00:47:50,00:04:54,False
85091936,10,1,00:48:14,00:57:34,00:09:20,False
85091936,10,1,00:58:19,01:07:44,00:09:25,False
85091936,10,1,01:12:00,01:21:46,00:09:46,False
85091936,10,1,01:22:13,03:17:31,01:55:18,False
85096456,10,1,06:20:40,10:48:01,04:27:21,False
85096456,10,1,11:38:22,11:42:43,00:04:20,False
85096456,10,1,11:43:06,12:35:27,00:52:21,False
85109007,10,1,20:10:17,20:45:33,00:35:16,False
85109007,10,1,21:37:05,22:31:38,00:54:33,False
85111027,10,1,23:42:29,23:42:29,00:00:00,False
85111312,10,1,01:57:00,02:02:03,00:05:03,False
85111312,10,1,02:02:37,02:22:03,00:19:25,False
85111312,10,1,02:22:25,04:32:40,02:10:14,False
85120381,10,1,23:45:41,23:45:41,00:00:00,False
85126213,10,1,08:44:21,09:28:55,00:44:34,False
85127380,10,1,07:03:52,07:16:31,00:12:38,False
85127380,10,1,07:17:40,07:30:13,00:12:32,False
85127380,10,1,08:05:44,10:29:22,02:23:37,False
85131509,10,1,23:23:11,23:27:15,00:04:03,False
85131509,10,1,23:27:35,23:30:28,00:02:53,False
85131509,10,1,23:31:42,00:31:01,00:59:19,False
85131509,10,1,00:31:15,00:35:06,00:03:50,False
85131509,10,1,00:35:37,00:40:13,00:04:36,False
85131509,10,1,00:40:51,01:21:04,00:40:13,False
85131509,10,1,01:21:52,01:49:13,00:27:20,False
85131509,10,1,01:49:38,01:53:25,00:03:46,False
85131509,10,1,01:53:43,02:11:36,00:17:52,False
85131509,10,1,02:11:56,02:16:17,00:04:20,False
85131509,10,1,02:16:44,02:30:11,00:13:26,False
85131509,10,1,02:30:29,02:34:11,00:03:41,False
85131509,10,1,02:34:31,02:42:43,00:08:12,False
85131509,10,1,02:43:15,02:47:38,00:04:22,False
85131509,10,1,02:48:06,03:24:42,00:36:36,False
85131509,10,1,03:25:01,03:36:15,00:11:13,False
85131509,10,1,03:36:22,03:39:20,00:02:58,False
85131509,10,1,03:39:33,03:44:17,00:04:43,False
85131509,10,1,03:44:25,03:49:38,00:05:12,False
85131509,10,1,03:49:56,03:55:14,00:05:17,False
85131509,10,1,03:55:40,04:07:26,00:11:45,False
85131509,10,1,04:07:48,04:10:43,00:02:54,False
85131509,10,1,04:11:13,04:19:18,00:08:05,False
85131509,10,1,04:19:32,04:23:45,00:04:12,False
85131509,10,1,04:24:03,04:34:24,00:10:21,False
85131509,10,1,04:34:53,04:48:05,00:13:11,False
85131509,10,1,04:48:21,04:56:19,00:07:58,False
85131509,10,1,04:56:52,05:15:44,00:18:52,False
85131509,10,1,05:15:57,05:19:40,00:03:42,False
85131509,10,1,05:20:15,05:24:16,00:04:00,False
85131509,10,1,05:24:27,06:22:10,00:57:42,False
85131509,10,1,06:22:28,06:40:51,00:18:22,False
85131509,10,1,06:41:08,06:46:18,00:05:10,False
85131509,10,1,06:46:36,07:07:20,00:20:44,False
85131509,10,1,07:07:37,07:15:14,00:07:37,False
85131509,10,1,07:15:24,07:20:45,00:05:21,False
85131509,10,1,07:20:57,07:27:15,00:06:17,False
85131509,10,1,07:27:37,07:38:24,00:10:46,False
85131509,10,1,07:38:39,07:47:23,00:08:43,False
85131509,10,1,07:47:38,07:57:39,00:10:01,False
85131509,10,1,07:57:59,08:12:30,00:14:31,False
85131509,10,1,08:12:45,08:16:38,00:03:52,False
85131509,10,1,08:21:01,08:35:33,00:14:32,False
85131509,10,1,08:40:47,08:44:26,00:03:38,False
85131509,10,1,08:44:42,09:28:25,00:43:43,False
85131509,10,1,09:28:41,09:42:49,00:14:08,False
85131509,10,1,09:43:07,09:55:34,00:12:26,False
85131509,10,1,09:55:47,10:04:46,00:08:58,False
85131509,10,1,10:05:02,10:09:04,00:04:02,False
85131509,10,1,10:09:27,10:29:14,00:19:46,False
85131509,10,1,10:30:05,10:34:11,00:04:06,False
85131509,10,1,10:34:27,10:39:27,00:05:00,False
85131509,10,1,10:39:48,10:46:48,00:07:00,False
85131509,10,1,10:47:05,10:50:13,00:03:08,False
85131509,10,1,10:50:32,10:54:06,00:03:34,False
85131509,10,1,10:54:28,10:58:57,00:04:29,False
85131509,10,1,10:59:28,11:04:30,00:05:02,False
85131509,10,1,11:04:50,11:09:16,00:04:25,False
85131509,10,1,11:11:39,11:15:25,00:03:46,False
85131509,10,1,11:15:41,11:20:12,00:04:30,False
85131509,10,1,11:20:28,11:33:30,00:13:01,False
85131509,10,1,11:34:20,11:38:55,00:04:34,False
85131509,10,1,12:30:29,12:35:24,00:04:55,False
85131509,10,1,12:35:59,12:40:16,00:04:17,False
85131509,10,1,12:40:38,12:46:54,00:06:16,False
85131509,10,1,12:47:41,13:05:23,00:17:42,False
85131509,10,1,13:05:38,15:48:08,02:42:30,False
85141211,10,1,23:30:07,23:30:07,00:00:00,False
85141212,10,1,23:31:54,23:31:54,00:00:00,False
85149648,10,1,09:44:46,10:10:46,00:25:59,False
85149650,10,1,06:43:42,06:45:00,00:01:17,False
85149651,10,1,06:46:24,07:46:07,00:59:42,False
85149651,10,1,07:46:24,08:11:22,00:24:58,False
85149652,10,1,05:36:16,08:30:37,02:54:20,False
85149654,10,1,02:25:43,07:23:21,04:57:38,False
85152146,10,1,01:44:12,01:52:36,00:08:24,False
85152146,10,1,01:54:12,03:42:59,01:48:46,False
85154138,10,1,22:51:55,22:51:55,00:00:00,False
85154416,10,1,16:24:14,16:26:31,00:02:17,False
85157802,10,1,17:14:52,17:34:07,00:19:14,False
85161186,10,1,21:28:05,23:33:55,02:05:50,False
85170294,10,1,08:02:50,10:45:40,02:42:49,False
85170459,10,1,07:47:31,12:56:08,05:08:36,False
85172963,10,1,02:38:42,04:08:19,01:29:37,False
85172963,10,1,04:09:52,06:06:12,01:56:20,False
85172963,10,1,06:20:56,07:51:38,01:30:41,False
85176194,10,1,01:20:12,01:32:37,00:12:25,False
85176194,10,1,01:32:53,01:55:49,00:22:56,False
85176194,10,1,01:56:10,02:09:03,00:12:52,False
85176194,10,1,02:09:14,02:17:27,00:08:13,False
85176194,10,1,02:18:18,02:22:18,00:03:59,False
85176194,10,1,02:30:44,02:33:58,00:03:13,False
85176194,10,1,02:34:23,02:42:44,00:08:20,False
85176194,10,1,02:43:02,04:10:05,01:27:03,False
85176194,10,1,04:10:17,04:14:40,00:04:23,False
85176194,10,1,04:15:11,04:19:42,00:04:31,False
85176194,10,1,04:20:00,04:33:46,00:13:45,False
85176194,10,1,04:34:00,04:36:59,00:02:59,False
85176194,10,1,04:37:18,05:09:21,00:32:02,False
85176194,10,1,05:09:36,05:12:50,00:03:13,False
85176194,10,1,05:13:13,05:16:48,00:03:35,False
85176194,10,1,05:17:20,05:21:01,00:03:41,False
85176194,10,1,05:21:21,06:05:46,00:44:25,False
85176194,10,1,06:06:15,06:18:17,00:12:02,False
85176194,10,1,06:18:50,07:20:26,01:01:35,False
85176194,10,1,07:20:43,09:49:25,02:28:41,False
85178795,10,1,06:20:40,06:34:37,00:13:56,False
85178795,10,1,06:35:23,06:53:31,00:18:07,False
85178795,10,1,06:53:50,06:59:11,00:05:20,False
85178795,10,1,06:59:29,07:30:42,00:31:13,False
85178795,10,1,07:37:37,07:53:29,00:15:51,False
85178795,10,1,07:54:02,08:09:33,00:15:30,False
85178795,10,1,08:09:49,08:23:07,00:13:17,False
85178795,10,1,08:24:43,09:32:59,01:08:16,False
85178795,10,1,09:34:03,09:45:23,00:11:20,False
85178795,10,1,09:45:40,09:54:24,00:08:43,False
85178795,10,1,09:54:42,10:01:44,00:07:01,False
85178795,10,1,10:02:14,10:09:08,00:06:54,False
85178795,10,1,10:09:52,10:25:39,00:15:47,False
85178795,10,1,10:25:53,10:40:04,00:14:10,False
85178795,10,1,10:40:23,11:07:53,00:27:29,False
85178795,10,1,11:08:07,11:13:09,00:05:02,False
85178795,10,1,11:13:27,11:17:57,00:04:29,False
85178795,10,1,11:18:16,11:22:43,00:04:27,False
85178795,10,1,11:23:24,11:29:02,00:05:37,False
85178795,10,1,11:30:40,12:50:46,01:20:06,False
85180818,10,1,07:20:13,07:20:13,00:00:00,False
85182133,10,1,03:28:11,03:28:11,00:00:00,False
85184838,10,1,22:57:14,04:30:30,05:33:15,False
85188788,10,1,12:50:19,22:09:13,09:18:54,False
85188788,10,1,22:09:39,22:16:46,00:07:07,False
85188788,10,1,22:17:06,22:27:08,00:10:02,False
85188788,10,1,22:28:00,22:36:32,00:08:31,False
85188788,10,1,22:38:45,22:48:29,00:09:43,False
85188788,10,1,22:48:47,22:58:41,00:09:53,False
85188788,10,1,23:02:54,23:09:30,00:06:36,False
85188788,10,1,23:09:51,00:31:32,01:21:41,False
85188788,10,1,00:37:49,01:12:09,00:34:20,False
85188788,10,1,01:12:41,01:16:11,00:03:29,False
85197243,10,1,11:19:41,11:19:41,00:00:00,False
85212074,10,1,13:14:18,13:30:09,00:15:50,False
85212074,10,1,13:30:34,22:43:13,09:12:38,False
85212074,10,1,22:43:45,22:52:47,00:09:01,False
85212074,10,1,22:53:37,23:01:19,00:07:41,False
85212074,10,1,23:01:53,23:19:49,00:17:55,False
85212074,10,1,23:20:27,23:30:49,00:10:21,False
85212074,10,1,23:31:13,23:44:01,00:12:47,False
85212091,10,1,01:13:08,01:17:36,00:04:28,False
85212091,10,1,01:17:54,01:22:03,00:04:09,False
85212091,10,1,01:22:24,01:32:50,00:10:26,False
85212091,10,1,01:33:27,02:10:15,00:36:47,False
85212184,10,1,14:07:59,16:20:23,02:12:23,False
85212212,10,1,13:14:02,13:21:04,00:07:02,False
85212212,10,1,13:21:58,22:03:08,08:41:09,False
85212212,10,1,22:03:33,22:22:56,00:19:23,False
85212212,10,1,22:23:30,22:38:11,00:14:40,False
85213202,10,1,07:09:08,07:14:58,00:05:49,False
85214081,10,1,16:24:55,16:24:55,00:00:00,False
85222324,10,1,04:41:03,05:03:39,00:22:35,False
85222324,10,1,05:05:12,05:12:19,00:07:07,False
85222324,10,1,05:12:42,06:00:25,48:47:42,False
85222324,10,1,06:00:42,06:05:49,00:05:06,False
85222324,10,1,06:06:35,06:19:28,00:12:53,False
85222324,10,1,06:20:41,06:25:00,00:04:19,False
85222324,10,1,06:25:24,06:33:02,00:07:38,False
85222324,10,1,06:33:59,06:39:38,00:05:39,False
85222324,10,1,06:43:16,06:46:32,00:03:16,False
85222324,10,1,06:46:54,06:59:18,00:12:24,False
85222324,10,1,06:59:31,07:06:27,00:06:55,False
85222324,10,1,07:06:46,07:18:32,00:11:46,False
85222324,10,1,07:18:52,07:24:32,00:05:40,False
85222324,10,1,07:24:52,07:31:48,00:06:56,False
85222324,10,1,07:32:07,07:35:28,00:03:20,False
85222324,10,1,07:35:48,07:40:29,00:04:40,False
85222324,10,1,07:40:50,07:49:35,00:08:45,False
85222324,10,1,07:49:55,08:02:01,00:12:06,False
85222324,10,1,08:02:31,08:06:42,00:04:10,False
85222324,10,1,08:07:01,08:10:34,00:03:33,False
85222324,10,1,08:10:59,08:14:56,00:03:57,False
85222324,10,1,08:15:14,08:31:32,00:16:18,False
85222324,10,1,08:32:17,09:25:21,00:53:04,False
85222324,10,1,09:25:39,10:17:51,00:52:12,False
85222324,10,1,10:19:46,10:24:41,00:04:55,False
85222324,10,1,10:25:17,10:34:58,00:09:41,False
85222324,10,1,10:36:39,11:02:25,00:25:45,False
85222324,10,1,11:02:44,11:10:27,00:07:42,False
85222324,10,1,11:11:09,11:24:29,00:13:20,False
85222324,10,1,11:24:51,11:37:38,00:12:47,False
85222324,10,1,11:38:14,12:37:43,00:59:29,False
85222324,10,1,12:38:47,00:30:40,11:51:53,False
85222375,10,1,01:58:51,01:58:51,00:00:00,False
85222694,10,1,02:23:28,02:27:51,00:04:22,False
85222694,10,1,02:28:23,03:19:38,00:51:15,False
85222694,10,1,03:20:39,03:36:38,00:15:59,False
85222694,10,1,03:36:48,03:47:46,00:10:58,False
85222694,10,1,03:48:07,03:51:59,00:03:51,False
85222694,10,1,03:52:06,04:09:28,00:17:21,False
85222694,10,1,04:09:38,04:14:47,00:05:08,False
85222694,10,1,04:18:22,04:43:37,00:25:15,False
85222694,10,1,05:06:25,05:12:57,00:06:32,False
85222694,10,1,05:13:19,05:16:57,00:03:38,False
85222694,10,1,05:17:12,05:19:33,00:02:20,False
85222694,10,1,05:19:48,06:03:20,00:43:32,False
85222694,10,1,06:03:49,06:10:06,00:06:17,False
85222694,10,1,06:10:29,06:20:42,00:10:13,False
85222694,10,1,06:20:59,06:30:51,00:09:52,False
85222694,10,1,06:32:02,06:35:33,00:03:31,False
85222694,10,1,06:35:55,07:35:11,00:59:15,False
85222694,10,1,07:36:16,07:41:04,00:04:48,False
85222694,10,1,07:41:23,07:46:19,00:04:56,False
85222694,10,1,07:46:38,07:52:25,00:05:47,False
85222694,10,1,07:53:05,08:14:07,00:21:01,False
85222694,10,1,08:14:30,08:22:58,00:08:27,False
85222694,10,1,08:23:45,08:29:31,00:05:45,False
85222694,10,1,08:29:55,09:37:37,01:07:41,False
85222694,10,1,09:41:05,15:48:40,06:07:35,False
85222695,10,1,08:33:19,09:38:14,01:04:54,False
85222695,10,1,09:38:32,09:45:37,00:07:05,False
85222695,10,1,09:47:58,10:00:12,00:12:14,False
85222695,10,1,10:01:03,10:08:38,00:07:34,False
85222695,10,1,10:19:06,10:22:57,00:03:51,False
85222695,10,1,10:23:15,10:42:35,00:19:19,False
85222695,10,1,10:42:57,10:58:10,00:15:13,False
85222695,10,1,10:58:29,11:28:13,00:29:43,False
85222695,10,1,12:32:45,12:35:36,00:02:50,False
85222695,10,1,12:36:14,12:42:23,00:06:08,False
85222695,10,1,12:42:46,12:48:06,00:05:19,False
85222695,10,1,12:48:23,12:58:11,00:09:48,False
85222695,10,1,12:58:33,13:05:23,00:06:50,False
85222695,10,1,13:05:42,13:16:44,00:11:02,False
85222695,10,1,13:18:22,13:22:45,00:04:22,False
85222695,10,1,13:23:03,13:27:00,00:03:57,False
85222695,10,1,13:27:19,13:31:04,00:03:44,False
85222695,10,1,13:31:32,13:44:59,00:13:27,False
85222695,10,1,13:46:34,13:55:00,00:08:25,False
85222695,10,1,13:55:19,14:40:05,00:44:46,False
85222695,10,1,14:40:28,15:17:21,00:36:52,False
85222695,10,1,15:17:41,15:29:35,00:11:53,False
85222695,10,1,15:29:53,15:34:15,00:04:21,False
85222695,10,1,15:34:31,15:37:04,00:02:33,False
85222695,10,1,15:48:18,16:12:56,00:24:37,False
85230678,10,1,05:00:16,05:24:08,00:23:52,False
85234730,10,1,23:34:21,00:48:57,01:14:36,False
85235783,10,1,03:46:48,04:16:36,00:29:47,False
85235783,10,1,04:17:34,06:08:20,01:50:45,False
85237137,10,1,02:35:14,02:37:59,00:02:45,False
85237138,10,1,02:30:52,02:31:07,00:00:15,False
85240225,10,1,22:39:50,22:39:50,00:00:00,False
85240724,10,1,07:24:05,07:24:05,00:00:00,False
85243198,10,1,02:40:11,02:41:22,00:01:11,False
85243241,10,1,04:28:51,04:36:31,00:07:40,False
85243802,10,1,06:23:31,07:10:48,00:47:17,False
85243897,10,1,07:18:43,10:06:17,02:47:34,False
85244731,10,1,02:37:47,06:26:28,03:48:41,False
85245071,10,1,10:02:09,10:06:24,00:04:15,False
85245071,10,1,10:06:44,10:09:51,00:03:07,False
85245646,10,1,04:54:28,08:31:06,03:36:38,False
85247233,10,1,22:57:45,00:35:30,01:37:44,False
85247233,10,1,00:36:37,01:44:27,01:07:50,False
85247233,10,1,01:47:31,04:03:28,02:15:57,False
85247233,10,1,04:09:37,09:59:37,05:50:00,False
85247392,10,1,09:26:21,09:26:21,00:00:00,False
85248406,10,1,12:41:44,13:16:08,00:34:24,False
85250068,10,1,13:39:32,02:20:09,12:40:37,False
85256621,10,1,01:07:06,01:07:06,00:00:00,False
85259710,10,1,22:52:32,02:28:28,03:35:56,False
85259730,10,1,22:51:29,02:27:57,03:36:28,False
85259731,10,1,23:04:19,23:16:10,00:11:50,False
85259732,10,1,22:49:59,23:17:56,00:27:57,False
85261998,10,1,10:08:52,10:08:52,00:00:00,False
85263187,10,1,16:56:09,19:50:07,02:53:58,False
85263297,10,1,04:35:09,05:01:30,00:26:20,False
85263927,10,1,01:06:32,01:06:32,00:00:00,False
85263981,10,1,14:10:29,15:53:32,01:43:02,False
85264133,10,1,09:42:09,09:42:09,00:00:00,False
85265292,10,1,22:55:20,05:17:42,06:22:22,False
85265292,10,1,09:29:39,09:29:39,00:00:00,False
85265294,10,1,01:25:25,01:41:26,00:16:00,False
85265294,10,1,01:43:33,01:44:25,00:00:52,False
85266208,10,1,23:18:22,23:22:00,00:03:37,False
85266209,10,1,03:44:42,03:51:35,00:06:53,False
85266354,10,1,03:53:13,03:54:16,00:01:03,False
85266934,10,1,07:15:46,08:06:11,00:50:25,False
85266934,10,1,08:06:30,09:35:55,01:29:25,False
85267000,10,1,07:15:06,08:01:48,00:46:41,False
85267000,10,1,08:02:06,11:09:50,03:07:43,False
85267101,10,1,06:29:06,06:50:42,00:21:35,False
85267101,10,1,06:51:04,07:49:35,00:58:30,False
85267102,10,1,13:05:05,22:25:01,09:19:55,False
85267102,10,1,22:36:29,03:32:15,04:55:45,False
85267103,10,1,07:48:33,09:42:28,01:53:55,False
85267103,10,1,09:42:35,12:35:42,02:53:06,False
85267104,10,1,01:57:07,02:18:27,00:21:20,False
85267104,10,1,02:21:52,02:43:15,00:21:23,False
85267129,10,1,06:38:06,07:02:36,00:24:30,False
85267129,10,1,07:11:08,07:22:29,00:11:20,False
85267129,10,1,10:23:07,11:10:07,00:47:00,False
85267130,10,1,11:01:44,11:05:07,00:03:22,False
85267130,10,1,11:05:28,11:17:03,00:11:34,False
85267130,10,1,11:17:21,12:38:21,01:20:59,False
85267130,10,1,12:38:59,10:21:46,21:42:46,False
85267131,10,1,07:14:08,10:29:54,03:15:46,False
85267132,10,1,05:01:13,06:33:50,01:32:36,False
85267132,10,1,06:34:32,10:22:38,03:48:05,False
85267133,10,1,10:04:42,22:16:53,12:12:11,False
85267133,10,1,22:17:16,23:36:34,01:19:17,False
85267134,10,1,06:41:05,10:09:33,03:28:28,False
85267135,10,1,02:17:25,02:42:18,00:24:53,False
85267136,10,1,08:10:37,08:38:48,00:28:11,False
85267136,10,1,08:39:10,09:35:18,00:56:07,False
85267136,10,1,09:37:36,10:05:38,00:28:02,False
85267136,10,1,10:05:56,22:21:09,12:15:12,False
85268355,10,1,23:41:01,23:43:56,00:02:55,False
85268355,10,1,23:44:26,23:50:57,00:06:30,False
85268355,10,1,23:56:14,01:52:42,01:56:27,False
85269384,10,1,03:43:34,03:43:34,00:00:00,False
85269397,10,1,00:47:22,00:47:22,00:00:00,False
85270381,10,1,03:48:50,07:31:01,03:42:11,False
85271586,10,1,23:01:34,23:09:59,00:08:25,False
85273362,10,1,10:05:26,10:22:52,00:17:26,False
85273363,10,1,08:31:16,11:24:19,02:53:03,False
85273524,10,1,23:14:17,23:25:09,00:10:51,False
85273524,10,1,23:25:29,03:50:23,04:24:53,False
85277322,10,1,22:03:31,22:29:47,00:26:16,False
85277322,10,1,22:30:44,23:13:02,00:42:17,False
85277326,10,1,23:12:26,23:12:50,00:00:23,False
85280121,10,1,03:30:31,04:31:46,01:01:14,False
85280122,10,1,03:45:12,14:32:46,10:47:33,False
85280125,10,1,03:17:51,06:13:56,02:56:05,False
85280817,10,1,09:17:46,09:19:13,00:01:26,False
85283881,10,1,00:37:05,03:48:09,03:11:04,False
85283885,10,1,07:52:54,07:52:54,00:00:00,False
85283919,10,1,01:41:34,01:55:21,00:13:46,False
85283919,10,1,01:57:51,02:13:55,00:16:04,False
85283919,10,1,02:15:02,03:57:18,01:42:16,False
85283920,10,1,15:39:16,16:39:57,01:00:40,False
85283920,10,1,16:42:00,18:16:31,01:34:30,False
85283920,10,1,18:17:05,20:21:39,02:04:34,False
85284026,10,1,04:45:01,04:45:01,00:00:00,False
85284180,10,1,01:07:53,01:07:53,00:00:00,False
85284782,10,1,21:57:21,22:12:48,00:15:26,False
85284782,10,1,22:12:56,22:37:41,00:24:45,False
85284782,10,1,22:38:10,22:40:55,00:02:44,False
85284782,10,1,22:41:25,01:51:21,03:09:55,False
85285248,10,1,02:40:04,03:24:58,00:44:53,False
85285248,10,1,03:25:40,03:31:22,00:05:41,False
85285248,10,1,03:31:41,03:45:32,00:13:50,False
85285248,10,1,03:46:19,03:47:31,00:01:12,False
85285674,10,1,00:56:23,02:30:08,01:33:45,False
85286216,10,1,22:16:25,00:45:38,02:29:13,False
85286468,10,1,09:51:47,10:41:33,00:49:45,False
85286468,10,1,10:42:10,12:42:13,02:00:03,False
85286468,10,1,12:42:36,12:47:04,00:04:27,False
85286468,10,1,12:47:31,22:13:41,09:26:09,False
85286816,10,1,22:54:01,22:54:01,00:00:00,False
85286819,10,1,02:30:28,02:30:28,00:00:00,False
85287384,10,1,16:48:41,16:48:41,00:00:00,False
85288338,10,1,07:30:52,07:53:12,00:22:19,False
85289330,10,1,08:14:54,08:26:02,00:11:08,False
85291109,10,1,13:48:59,13:56:02,00:07:03,False
85291109,10,1,13:56:24,13:59:35,00:03:11,False
85291109,10,1,13:59:58,14:17:40,00:17:42,False
85291109,10,1,14:17:57,14:21:27,00:03:29,False
85291109,10,1,14:21:57,14:25:59,00:04:02,False
85291109,10,1,14:26:23,15:19:47,00:53:23,False
85291109,10,1,15:20:15,15:30:16,00:10:00,False
85291109,10,1,15:30:44,15:48:15,00:17:30,False
85291109,10,1,15:50:57,15:56:44,00:05:46,False
85291109,10,1,15:58:49,16:02:15,00:03:26,False
85291109,10,1,16:02:38,16:10:16,00:07:38,False
85291109,10,1,16:10:34,16:19:28,00:08:53,False
85291109,10,1,16:19:53,16:27:08,00:07:14,False
85291109,10,1,16:27:28,16:31:29,00:04:00,False
85291109,10,1,16:33:27,16:40:25,00:06:58,False
85291109,10,1,16:40:56,16:49:46,00:08:50,False
85291109,10,1,16:50:33,16:54:30,00:03:57,False
85291109,10,1,16:54:49,16:59:33,00:04:43,False
85291109,10,1,17:00:17,17:10:09,00:09:51,False
85291109,10,1,17:10:28,17:14:20,00:03:52,False
85291109,10,1,17:14:48,17:18:46,00:03:58,False
85291109,10,1,18:18:23,18:21:45,00:03:22,False
85291109,10,1,18:21:53,18:25:00,00:03:07,False
85291109,10,1,18:25:35,18:28:55,00:03:19,False
85291109,10,1,18:29:19,18:38:47,00:09:28,False
85291109,10,1,18:38:55,18:42:41,00:03:46,False
85291109,10,1,18:43:12,19:08:42,00:25:29,False
85291109,10,1,19:09:11,19:11:42,00:02:31,False
85291109,10,1,19:12:10,19:16:37,00:04:26,False
85291109,10,1,19:17:04,19:21:48,00:04:43,False
85291194,10,1,13:24:19,15:27:23,02:03:04,False
85291314,10,1,11:02:24,11:02:24,00:00:00,False
85291609,10,1,06:46:18,07:09:28,24:23:09,False
85291708,10,1,00:43:32,00:44:14,00:00:41,False
85291792,10,1,10:26:45,15:43:57,05:17:12,False
85291793,10,1,07:27:59,22:53:44,15:25:45,False
85291812,10,1,12:47:35,15:32:45,02:45:10,False
85292231,10,1,13:11:21,13:12:02,00:00:41,False
85292234,10,1,12:44:48,15:57:52,03:13:04,False
85292238,10,1,00:47:51,00:47:51,00:00:00,False
85292258,10,1,00:42:00,00:42:00,00:00:00,False
85294356,10,1,03:22:17,04:06:10,00:43:52,False
85294356,10,1,04:06:59,04:09:53,00:02:54,False
85294709,10,1,12:58:01,12:58:01,00:00:00,False
85294977,10,1,13:04:46,15:47:18,02:42:31,False
85294978,10,1,22:36:06,01:06:23,02:30:17,False
85295382,10,1,13:03:18,13:03:18,00:00:00,False
85295760,10,1,11:04:11,11:04:11,00:00:00,False
85295966,10,1,04:37:24,05:19:12,00:41:47,False
85296096,10,1,11:14:32,00:41:17,13:26:44,False
85296097,10,1,09:45:33,10:00:44,00:15:11,False
85296098,10,1,08:30:31,10:30:59,02:00:27,False
85296118,10,1,11:03:47,13:27:32,02:23:45,False
85296118,10,1,13:29:24,14:14:39,00:45:15,False
85296336,10,1,10:04:39,11:23:01,01:18:21,False
85296337,10,1,05:18:54,05:19:52,00:00:58,False
85296371,10,1,12:50:09,12:50:09,00:00:00,False
85297151,10,1,13:41:51,13:41:51,00:00:00,False
85297173,10,1,03:57:53,03:57:53,00:00:00,False
85297334,10,1,10:44:50,10:49:32,00:04:41,False
85297334,10,1,10:49:56,10:53:33,00:03:36,False
85297334,10,1,10:55:08,11:01:05,00:05:57,False
85297730,10,1,13:14:59,13:17:34,00:02:35,False
85297941,10,1,12:48:52,13:04:22,00:15:30,False
85300514,10,1,02:10:59,04:52:31,02:41:32,False
85300726,10,1,04:05:27,04:07:15,00:01:47,False
85301208,10,1,12:54:33,13:13:31,00:18:57,False
85301214,10,1,12:55:39,13:23:54,00:28:15,False
85301447,10,1,11:01:39,11:01:39,00:00:00,False
85302056,10,1,16:19:57,17:42:27,01:22:29,False
85302591,10,1,12:56:33,13:12:41,00:16:08,False
85302592,10,1,11:02:47,11:02:47,00:00:00,False
85303334,10,1,12:49:23,12:49:23,00:00:00,False
85303664,10,1,04:54:09,04:54:09,00:00:00,False
85304129,10,1,20:09:55,22:44:15,02:34:20,False
85304132,10,1,03:58:19,03:58:19,00:00:00,False
85304560,10,1,04:23:15,04:56:13,00:32:58,False
85305354,10,1,23:03:27,23:26:35,00:23:08,False
85305415,10,1,11:03:29,11:03:29,00:00:00,False
85305416,10,1,12:38:41,12:45:49,00:07:08,False
85305416,10,1,12:46:09,15:46:42,03:00:33,False
85305424,10,1,23:08:31,23:08:31,00:00:00,False
85305440,10,1,05:10:20,05:10:20,00:00:00,False
85305449,10,1,13:28:32,13:32:46,00:04:14,False
85305449,10,1,13:33:07,22:14:00,08:40:52,False
85305449,10,1,00:49:44,01:02:51,00:13:07,False
85305449,10,1,01:03:16,01:07:05,00:03:48,False
85305449,10,1,01:07:35,02:11:12,01:03:36,False
85305457,10,1,23:17:49,00:48:35,01:30:46,False
85305457,10,1,00:48:51,01:20:11,00:31:19,False
85305616,10,1,13:38:34,13:38:34,00:00:00,False
85305752,10,1,13:13:45,13:30:03,00:16:18,False
85305753,10,1,13:18:36,13:18:55,00:00:19,False
85306104,10,1,23:31:02,02:35:39,03:04:37,False
85306104,10,1,02:36:07,02:40:48,00:04:40,False
85306104,10,1,02:41:16,03:17:48,00:36:32,False
85306104,10,1,03:18:11,03:22:40,00:04:29,False
85306104,10,1,03:23:13,03:38:11,00:14:57,False
85306104,10,1,03:39:45,03:52:45,00:13:00,False
85306104,10,1,03:53:11,04:00:51,00:07:39,False
85306104,10,1,04:01:28,04:05:35,00:04:06,False
85306104,10,1,04:07:29,04:14:54,00:07:24,False
85306104,10,1,04:15:16,04:38:44,00:23:27,False
85306651,10,1,05:28:43,05:33:26,00:04:43,False
85306651,10,1,05:33:46,05:41:10,00:07:23,False
85306651,10,1,05:41:28,06:05:26,00:23:58,False
85306651,10,1,06:05:50,06:10:40,00:04:50,False
85306651,10,1,06:10:49,06:15:37,00:04:47,False
85306651,10,1,06:15:45,06:18:41,00:02:56,False
85306651,10,1,06:22:13,06:37:57,00:15:43,False
85306651,10,1,06:38:17,06:44:05,00:05:47,False
85306651,10,1,06:44:13,07:15:04,00:30:51,False
85306651,10,1,07:15:14,07:17:44,00:02:30,False
85306651,10,1,07:17:53,07:38:27,00:20:33,False
85306651,10,1,07:38:35,07:41:50,00:03:14,False
85306651,10,1,07:41:57,07:45:36,00:03:39,False
85306651,10,1,07:45:52,08:03:37,00:17:44,False
85306651,10,1,08:03:46,08:16:13,00:12:26,False
85306651,10,1,08:16:42,08:20:18,00:03:35,False
85306651,10,1,08:20:40,08:24:05,00:03:25,False
85306651,10,1,08:24:12,08:26:44,00:02:31,False
85306651,10,1,08:27:32,08:31:00,00:03:27,False
85306651,10,1,08:31:32,09:42:23,01:10:51,False
85306651,10,1,09:42:57,09:45:14,00:02:16,False
85306651,10,1,09:45:37,09:48:15,00:02:38,False
85306651,10,1,09:48:26,10:01:09,00:12:43,False
85306651,10,1,10:01:20,10:07:04,00:05:44,False
85306651,10,1,10:07:14,10:18:26,00:11:12,False
85306651,10,1,10:18:35,10:21:27,00:02:51,False
85306651,10,1,10:21:55,10:24:20,00:02:25,False
85306651,10,1,10:25:18,10:33:01,00:07:43,False
85306651,10,1,10:33:26,10:44:52,00:11:26,False
85306651,10,1,10:44:59,11:01:55,00:16:55,False
85306651,10,1,11:02:21,11:13:45,00:11:24,False
85306651,10,1,11:13:56,11:16:31,00:02:35,False
85306651,10,1,11:17:00,11:19:32,00:02:32,False
85306651,10,1,11:19:46,11:23:07,00:03:21,False
85306651,10,1,11:23:18,12:31:48,01:08:29,False
85306651,10,1,12:32:11,12:34:32,00:02:21,False
85306651,10,1,12:34:56,12:46:07,00:11:10,False
85306651,10,1,12:46:24,12:49:33,00:03:08,False
85306651,10,1,12:51:56,22:19:32,09:27:35,False
85306651,10,1,22:19:54,01:02:14,02:42:20,False
85306693,10,1,22:10:57,22:10:57,00:00:00,False
85306702,10,1,04:55:59,08:32:15,03:36:15,False
85306736,10,1,06:15:12,06:15:12,00:00:00,False
85306743,10,1,11:16:35,13:03:12,01:46:36,False
85306743,10,1,13:08:25,13:09:46,00:01:21,False
85306744,10,1,05:13:51,05:13:51,00:00:00,False
85307391,10,1,10:52:09,10:57:47,00:05:38,False
85307391,10,1,11:17:20,12:57:22,01:40:01,False
85307391,10,1,12:57:43,13:03:55,00:06:11,False
85307391,10,1,13:04:13,22:50:32,09:46:19,False
85307651,10,1,21:46:14,04:40:10,06:53:56,False
85307766,10,1,02:14:19,02:14:19,00:00:00,False
85308633,10,1,12:50:05,12:50:05,00:00:00,False
85310038,10,1,10:26:32,10:26:32,00:00:00,False
85310040,10,1,22:36:59,22:36:59,00:00:00,False
85310616,10,1,04:29:07,07:08:10,02:39:03,False
85311224,10,1,13:33:28,15:32:14,01:58:46,False
85311225,10,1,10:29:58,10:34:35,00:04:36,False
85311225,10,1,10:36:12,10:43:58,00:07:45,False
85311225,10,1,10:46:15,11:30:15,00:44:00,False
85311247,10,1,02:41:52,02:41:52,00:00:00,False
85311248,10,1,02:01:10,02:01:10,00:00:00,False
85311300,10,1,02:07:21,02:28:57,00:21:36,False
85311485,10,1,13:12:20,13:12:20,00:00:00,False
85311871,10,1,15:42:10,15:42:10,00:00:00,False
85312544,10,1,04:58:21,04:58:21,00:00:00,False
85312632,10,1,06:51:25,06:51:25,00:00:00,False
85312766,10,1,10:27:28,10:27:28,00:00:00,False
85313024,10,1,02:33:25,02:33:25,00:00:00,False
85313025,10,1,03:38:00,04:49:30,01:11:30,False
85313026,10,1,03:30:50,03:36:17,00:05:27,False
85313609,10,1,22:35:16,22:35:16,00:00:00,False
85314919,10,1,10:36:05,10:36:05,00:00:00,False
85315143,10,1,02:01:20,04:07:35,02:06:14,False
85315223,10,1,04:38:42,04:38:42,00:00:00,False
85315931,10,1,08:25:31,10:35:17,02:09:46,False
85316407,10,1,05:08:29,05:08:29,00:00:00,False
85317232,10,1,09:30:06,09:30:06,00:00:00,False
85317707,10,1,00:36:08,00:36:08,00:00:00,False
85317821,10,1,06:12:02,06:12:02,00:00:00,False
85317822,10,1,23:09:10,23:09:10,00:00:00,False
85317826,10,1,06:32:57,06:32:57,00:00:00,False
85317841,10,1,19:14:50,19:29:24,00:14:33,False
85317841,10,1,19:29:36,19:33:19,00:03:42,False
85317841,10,1,19:33:31,19:41:39,00:08:07,False
85317841,10,1,19:42:23,20:02:43,00:20:20,False
85317841,10,1,20:03:02,20:06:46,00:03:44,False
85317841,10,1,20:06:57,20:24:59,00:18:02,False
85317841,10,1,21:25:08,21:29:30,00:04:21,False
85317841,10,1,21:29:56,21:33:44,00:03:47,False
85317841,10,1,21:34:18,21:38:18,00:03:59,False
85317841,10,1,21:38:44,21:48:07,00:09:22,False
85317841,10,1,21:48:25,22:03:53,00:15:27,False
85317841,10,1,22:04:12,22:08:55,00:04:43,False
85317841,10,1,22:09:16,22:18:13,00:08:56,False
85317841,10,1,22:18:55,22:31:35,00:12:39,False
85317841,10,1,22:32:00,22:48:32,00:16:32,False
85317841,10,1,22:48:52,22:53:03,00:04:11,False
85317841,10,1,22:53:26,23:03:50,00:10:24,False
85317841,10,1,23:04:34,00:40:02,01:35:28,False
85317841,10,1,00:40:14,00:54:42,00:14:27,False
85317841,10,1,00:54:54,03:53:32,02:58:38,False
85317848,10,1,02:09:55,22:17:10,20:07:14,False
85317852,10,1,04:10:22,06:46:46,02:36:24,False
85317853,10,1,04:40:29,04:53:48,00:13:19,False
85317854,10,1,08:31:36,08:31:36,00:00:00,False
85317855,10,1,05:43:41,05:43:41,00:00:00,False
85317856,10,1,06:16:09,06:16:09,00:00:00,False
85317857,10,1,05:17:50,11:01:01,05:43:10,False
85317859,10,1,07:57:43,07:57:43,00:00:00,False
85317862,10,1,11:34:43,12:59:38,01:24:55,False
85318084,10,1,10:54:09,22:27:46,11:33:37,False
85318085,10,1,10:48:44,22:05:35,11:16:51,False
85319004,10,1,04:39:53,04:39:53,00:00:00,False
85319363,10,1,05:25:30,05:25:30,00:00:00,False
85319456,10,1,04:17:46,04:17:46,00:00:00,False
85319672,10,1,01:06:44,01:06:44,00:00:00,False
85319841,10,1,03:47:21,03:47:21,00:00:00,False
85319876,10,1,00:59:53,00:59:53,00:00:00,False
85319931,10,1,06:47:33,06:49:44,00:02:10,False
85319971,10,1,11:08:33,11:08:33,00:00:00,False
85320272,10,1,07:26:01,07:31:46,00:05:45,False
85320272,10,1,07:32:16,07:36:25,00:04:08,False
85320272,10,1,07:36:48,07:45:29,00:08:40,False
85320272,10,1,07:45:48,09:27:45,01:41:57,False
85320272,10,1,09:28:03,09:49:00,00:20:57,False
85320295,10,1,22:43:50,01:34:09,02:50:18,False
85321112,10,1,03:44:02,03:45:18,00:01:15,False
85321184,10,1,08:15:03,10:11:11,01:56:07,False
85321184,10,1,10:11:32,12:38:39,02:27:07,False
85321476,10,1,09:45:40,10:16:43,00:31:03,False
85321583,10,1,01:16:32,01:23:51,00:07:19,False
85321585,10,1,05:36:57,06:25:18,00:48:21,False
85321586,10,1,23:14:54,03:16:57,04:02:03,False
85321589,10,1,17:08:50,17:21:37,00:12:47,False
85321604,10,1,11:14:30,11:14:30,00:00:00,False
85321637,10,1,04:24:04,05:29:40,01:05:35,False
85321637,10,1,05:30:18,07:11:46,01:41:27,False
85321637,10,1,07:12:36,13:02:23,05:49:47,False
85321688,10,1,05:24:33,06:26:29,01:01:56,False
85321688,10,1,06:27:13,07:51:31,01:24:18,False
85321764,10,1,14:38:49,14:38:49,00:00:00,False
85321774,10,1,06:14:08,06:14:08,00:00:00,False
85321799,10,1,00:53:27,01:18:04,00:24:36,False
85321809,10,1,04:22:52,04:22:52,00:00:00,False
85321812,10,1,09:26:08,09:56:47,00:30:39,False
85321816,10,1,04:23:17,04:23:17,00:00:00,False
85321817,10,1,22:06:40,22:06:40,00:00:00,False
85321821,10,1,22:39:25,01:32:50,02:53:24,False
85321824,10,1,07:01:20,10:16:29,03:15:08,False
85321828,10,1,04:59:25,04:59:25,00:00:00,False
85321998,10,1,06:38:55,06:38:55,00:00:00,False
85321999,10,1,23:14:04,23:14:04,00:00:00,False
85322062,10,1,02:28:33,02:38:53,00:10:19,False
85322118,10,1,02:42:34,02:42:34,00:00:00,False
85322379,10,1,03:36:50,04:06:55,00:30:04,False
85322390,10,1,12:46:56,12:46:56,00:00:00,False
85322400,10,1,01:35:10,02:38:24,01:03:13,False
85322401,10,1,04:04:45,05:00:49,00:56:03,False
85322706,10,1,15:49:58,15:57:54,00:07:56,False
85322731,10,1,18:26:51,18:45:36,00:18:45,False
85322732,10,1,18:22:44,18:42:55,00:20:11,False
85322732,10,1,18:45:05,18:45:05,00:00:00,False
85322733,10,1,18:24:31,18:43:21,00:18:50,False
85322748,10,1,11:09:30,11:09:30,00:00:00,False
85322749,10,1,04:18:57,04:18:57,00:00:00,False
85322750,10,1,06:32:36,06:32:36,00:00:00,False
85322751,10,1,07:55:55,07:55:55,00:00:00,False
85322752,10,1,06:15:04,06:15:04,00:00:00,False
85322784,10,1,11:37:30,11:37:30,00:00:00,False
85323226,10,1,06:17:08,06:17:08,00:00:00,False
85323667,10,1,23:04:52,07:09:02,08:04:09,False
85323684,10,1,20:20:40,20:20:40,00:00:00,False
85324093,10,1,11:01:27,22:37:10,11:35:43,False
85324123,10,1,23:38:22,23:38:22,00:00:00,False
85324362,10,1,10:05:59,10:15:46,00:09:46,False
85325256,10,1,22:14:02,23:37:16,01:23:14,False
85325258,10,1,09:43:55,09:59:21,00:15:26,False
85325259,10,1,02:31:18,02:31:18,00:00:00,False
85325344,10,1,06:15:17,06:15:17,00:00:00,False
85325803,10,1,18:07:00,18:08:32,00:01:31,False
85325887,10,1,07:33:29,09:28:25,01:54:56,False
85325989,10,1,09:58:58,10:02:48,00:03:50,False
85326033,10,1,17:21:43,18:07:14,00:45:31,False
85326322,10,1,18:08:02,18:09:44,00:01:41,False
85326417,10,1,01:35:04,04:02:29,02:27:25,False
85326418,10,1,07:38:51,07:38:51,00:00:00,False
85326426,10,1,04:26:59,06:52:38,02:25:38,False
85326428,10,1,06:50:55,06:50:55,00:00:00,False
85326446,10,1,06:44:06,08:14:56,01:30:49,False
85326540,10,1,16:49:01,17:07:05,00:18:04,False
85326540,10,1,17:07:23,19:39:29,02:32:06,False
85326588,10,1,15:50:33,16:35:20,00:44:46,False
85326588,10,1,16:35:41,16:47:31,00:11:49,False
85326588,10,1,16:47:51,19:26:06,02:38:15,False
85326709,10,1,16:12:15,18:12:05,01:59:50,False
85326813,10,1,03:54:13,04:28:17,00:34:03,False
85326814,10,1,04:07:33,04:28:38,00:21:04,False
85326817,10,1,18:33:08,20:09:32,01:36:24,False
85326817,10,1,20:11:24,20:16:55,00:05:31,False
85326817,10,1,20:17:19,20:20:24,00:03:05,False
85326817,10,1,20:20:32,20:23:49,00:03:17,False
85326817,10,1,20:26:38,22:11:18,01:44:39,False
85326829,10,1,05:20:09,05:20:09,00:00:00,False
85327077,10,1,01:03:49,01:22:35,00:18:45,False
85327367,10,1,01:37:37,01:58:07,00:20:30,False
85327367,10,1,01:58:52,02:09:58,00:11:05,False
85327367,10,1,02:10:05,04:50:20,02:40:14,False
85327374,10,1,12:57:18,01:21:41,12:24:23,False
85327374,10,1,01:33:57,01:51:55,00:17:57,False
85327374,10,1,01:54:04,02:08:12,00:14:07,False
85327374,10,1,02:12:34,07:10:19,04:57:44,False
85327385,10,1,02:27:21,03:53:03,01:25:42,False
85327386,10,1,03:49:22,03:52:52,00:03:30,False
85327387,10,1,10:19:16,10:24:48,00:05:31,False
85327387,10,1,10:25:16,10:37:26,00:12:09,False
85327395,10,1,02:02:56,02:15:16,00:12:20,False
85327395,10,1,02:16:20,02:25:17,00:08:57,False
85327399,10,1,04:07:31,04:07:31,00:00:00,False
85327403,10,1,02:36:35,02:36:35,00:00:00,False
85327404,10,1,06:45:24,06:45:24,00:00:00,False
85327405,10,1,05:18:24,05:18:24,00:00:00,False
85327859,10,1,23:49:10,01:37:03,01:47:53,False
85327859,10,1,01:37:53,01:49:55,00:12:02,False
85327859,10,1,01:50:13,02:13:05,00:22:52,False
85327860,10,1,05:25:31,05:25:31,00:00:00,False
85327862,10,1,04:26:22,04:26:22,00:00:00,False
85327880,10,1,04:23:16,04:23:16,00:00:00,False
85327889,10,1,04:13:09,07:24:53,03:11:43,False
85327890,10,1,04:13:34,04:13:34,00:00:00,False
85328072,10,1,05:21:26,05:21:26,00:00:00,False
85328074,10,1,03:41:25,03:41:25,00:00:00,False
85328162,10,1,22:43:02,23:11:28,00:28:26,False
85328276,10,1,07:25:55,07:25:55,00:00:00,False
85328278,10,1,04:29:16,04:30:03,00:00:47,False
85328279,10,1,05:25:48,05:25:48,00:00:00,False
85328280,10,1,02:27:55,02:27:55,00:00:00,False
85328281,10,1,06:14:03,06:14:03,00:00:00,False
85328396,10,1,04:41:49,08:07:59,03:26:09,False
85328522,10,1,22:20:24,22:25:26,00:05:01,False
85328873,10,1,04:43:02,04:51:15,00:08:12,False
85328873,10,1,04:51:28,05:05:04,00:13:36,False
85328873,10,1,05:05:27,06:10:37,01:05:09,False
85328873,10,1,06:11:01,06:30:07,00:19:06,False
85328873,10,1,06:31:03,06:54:48,00:23:44,False
85328875,10,1,01:18:16,01:18:16,00:00:00,False
85328976,10,1,01:17:30,03:21:38,02:04:07,False
85328977,10,1,04:41:01,04:41:01,00:00:00,False
85329029,10,1,04:25:54,04:26:15,00:00:20,False
85329091,10,1,06:13:32,06:13:32,00:00:00,False
85329096,10,1,01:18:35,01:32:19,24:13:44,False
85329100,10,1,04:08:32,04:08:32,00:00:00,False
85329103,10,1,04:24:27,04:27:42,00:03:14,False
85329113,10,1,03:26:00,03:55:11,00:29:10,False
85329113,10,1,03:56:24,06:05:22,02:08:57,False
85329113,10,1,06:06:56,06:28:50,00:21:53,False
85329462,10,1,10:35:41,10:36:01,00:00:20,False
85329464,10,1,10:19:17,10:19:17,00:00:00,False
85329470,10,1,04:26:58,04:30:40,00:03:41,False
85329507,10,1,02:14:13,02:14:13,00:00:00,False
85329615,10,1,14:11:52,16:27:20,02:15:28,False
85329615,10,1,16:34:06,19:32:34,02:58:28,False
85329616,10,1,07:52:42,08:31:17,00:38:34,False
85329616,10,1,08:34:00,19:25:55,10:51:55,False
85329618,10,1,06:57:42,07:53:32,00:55:49,False
85329618,10,1,07:53:53,08:03:53,00:10:00,False
85329892,10,1,04:25:46,06:47:09,02:21:22,False
85329993,10,1,16:01:55,16:57:01,00:55:05,False
85329994,10,1,06:48:35,14:42:32,07:53:57,False
85330024,10,1,05:05:30,05:05:30,00:00:00,False
85330305,10,1,04:07:43,05:02:21,00:54:37,False
85330307,10,1,04:28:01,04:28:01,00:00:00,False
85330310,10,1,07:03:18,07:03:18,00:00:00,False
85330314,10,1,03:52:13,03:56:22,00:04:08,False
85330324,10,1,06:53:02,06:53:02,00:00:00,False
85330325,10,1,22:42:56,01:06:44,02:23:47,False
85330976,10,1,00:36:57,00:36:57,00:00:00,False
85331520,10,1,23:17:41,23:17:41,00:00:00,False
85331569,10,1,04:35:52,04:35:52,00:00:00,False
85331638,10,1,05:03:29,05:03:29,00:00:00,False
85332024,10,1,04:08:04,04:08:04,00:00:00,False
85332028,10,1,05:09:12,05:09:12,00:00:00,False
85332039,10,1,07:32:55,07:48:37,00:15:42,False
85332437,10,1,08:17:17,01:25:16,65:07:59,False
85332637,10,1,04:48:27,05:22:54,00:34:27,False
85332707,10,1,22:43:33,00:44:55,02:01:21,False
85333086,10,1,03:27:23,10:09:51,06:42:27,False
85333087,10,1,23:03:43,03:29:21,04:25:38,False
85333156,10,1,22:11:52,23:18:09,01:06:16,False
85333162,10,1,03:19:10,03:19:10,00:00:00,False
85333170,10,1,00:38:39,00:38:39,00:00:00,False
85333171,10,1,06:12:21,06:12:21,00:00:00,False
85333225,10,1,04:42:30,04:42:30,00:00:00,False
85333227,10,1,03:21:02,03:21:02,00:00:00,False
85333235,10,1,03:28:39,03:28:39,00:00:00,False
85333237,10,1,03:20:29,04:22:15,01:01:45,False
85333242,10,1,22:18:52,00:43:59,02:25:07,False
85333626,10,1,05:24:29,05:24:29,00:00:00,False
85333628,10,1,23:24:04,00:46:44,73:22:39,False
85333629,10,1,23:10:06,23:37:34,00:27:28,False
85333815,10,1,23:17:30,02:42:55,03:25:25,False
85333815,10,1,02:43:13,06:21:47,03:38:33,False
85333902,10,1,09:26:02,10:01:44,00:35:42,False
85333908,10,1,07:10:10,07:10:10,00:00:00,False
85333917,10,1,05:22:28,05:22:28,00:00:00,False
85333926,10,1,23:05:48,05:34:51,06:29:03,False
85333932,10,1,08:03:47,08:15:09,00:11:22,False
85333932,10,1,08:16:02,09:24:02,01:08:00,False
85333932,10,1,09:24:24,10:05:41,00:41:16,False
85334023,10,1,03:27:49,03:27:49,00:00:00,False
85334072,10,1,23:04:55,23:05:20,00:00:24,False
85334705,10,1,09:27:18,09:27:33,00:00:15,False
85336322,10,1,08:04:32,08:04:32,00:00:00,False
85336326,10,1,05:09:00,05:09:00,00:00:00,False
85336327,10,1,05:23:49,05:23:49,00:00:00,False
85336352,10,1,13:47:33,13:47:33,00:00:00,False
85336370,10,1,01:55:40,01:55:40,00:00:00,False
85336377,10,1,00:43:32,00:43:32,00:00:00,False
85336378,10,1,01:23:07,01:40:32,00:17:24,False
85336379,10,1,06:41:26,08:31:52,01:50:26,False
85336380,10,1,06:23:13,06:23:13,00:00:00,False
85336381,10,1,04:41:13,04:41:13,00:00:00,False
85336382,10,1,04:24:30,05:21:39,00:57:08,False
85336383,10,1,10:28:01,10:28:01,00:00:00,False
85336385,10,1,04:41:30,04:41:30,00:00:00,False
85336386,10,1,04:54:31,04:54:31,00:00:00,False
85336388,10,1,23:40:06,23:40:34,00:00:28,False
85336389,10,1,07:28:03,07:28:03,00:00:00,False
85336391,10,1,07:51:40,07:51:40,00:00:00,False
85336393,10,1,00:35:21,00:35:21,00:00:00,False
85336398,10,1,10:13:55,10:19:57,00:06:01,False
85336400,10,1,23:09:33,23:09:33,00:00:00,False
85336404,10,1,04:51:14,04:51:14,00:00:00,False
85336405,10,1,02:05:33,02:05:33,00:00:00,False
85336406,10,1,05:12:23,06:18:00,01:05:37,False
85336407,10,1,03:27:01,03:27:01,00:00:00,False
85336408,10,1,03:26:29,03:26:29,00:00:00,False
85336409,10,1,22:07:30,22:07:30,00:00:00,False
85336410,10,1,22:48:43,22:59:24,00:10:41,False
85336411,10,1,04:53:16,04:53:16,00:00:00,False
85336412,10,1,05:19:42,05:19:42,00:00:00,False
85336413,10,1,05:03:04,05:03:04,00:00:00,False
85336414,10,1,12:26:22,12:26:22,00:00:00,False
85336415,10,1,10:19:42,10:19:42,00:00:00,False
85336443,10,1,00:55:51,00:55:51,00:00:00,False
85336444,10,1,05:00:28,05:00:28,00:00:00,False
85336445,10,1,05:21:17,05:21:17,00:00:00,False
85336446,10,1,09:30:36,09:30:36,00:00:00,False
85336447,10,1,10:24:34,22:22:03,11:57:29,False
85336448,10,1,05:14:19,05:14:19,00:00:00,False
85336449,10,1,06:22:40,10:09:01,03:46:21,False
85336450,10,1,01:10:44,07:09:56,05:59:11,False
85336451,10,1,01:02:17,01:02:17,00:00:00,False
85336453,10,1,00:34:03,00:34:59,00:00:56,False
85336461,10,1,04:54:57,04:54:57,00:00:00,False
85336462,10,1,06:52:09,07:05:38,00:13:29,False
85336463,10,1,06:17:04,06:29:57,00:12:53,False
85336464,10,1,13:28:52,22:26:19,08:57:27,False
85336741,10,1,22:42:04,23:41:32,00:59:27,False
85336741,10,1,23:46:03,00:45:56,00:59:52,False
85336741,10,1,00:46:19,00:53:35,00:07:16,False
85336741,10,1,00:53:47,02:34:44,01:40:56,False
85336742,10,1,23:13:32,23:38:45,00:25:12,False
85336742,10,1,23:39:02,01:01:39,01:22:36,False
85336742,10,1,01:01:57,01:16:12,00:14:15,False
85336742,10,1,01:16:33,01:28:10,00:11:36,False
85336742,10,1,01:29:00,02:35:46,01:06:45,False
85336742,10,1,03:40:52,08:10:56,04:30:03,False
85336877,10,1,07:51:08,07:51:08,00:00:00,False
85337072,10,1,05:07:53,05:07:53,00:00:00,False
85337085,10,1,00:48:33,04:01:03,03:12:29,False
85337087,10,1,04:37:12,08:30:11,03:52:59,False
85337091,10,1,01:39:28,01:39:28,00:00:00,False
85337355,10,1,06:53:37,07:25:39,00:32:01,False
85337356,10,1,05:29:59,05:34:09,00:04:10,False
85337757,10,1,08:07:22,10:44:48,02:37:26,False
85337759,10,1,06:47:54,06:47:54,00:00:00,False
85337760,10,1,11:22:46,11:22:46,00:00:00,False
85337761,10,1,11:22:23,11:22:23,00:00:00,False
85337763,10,1,07:08:00,07:08:00,00:00:00,False
85337781,10,1,10:04:07,10:04:07,00:00:00,False
85337782,10,1,07:16:33,09:51:39,02:35:05,False
85337783,10,1,11:07:58,11:11:10,00:03:11,False
85337784,10,1,08:32:49,08:32:49,00:00:00,False
85337785,10,1,23:04:05,00:34:59,01:30:54,False
85337785,10,1,00:37:19,00:49:21,00:12:01,False
85337785,10,1,00:50:16,00:57:28,00:07:11,False
85337785,10,1,00:57:51,01:08:16,00:10:24,False
85337785,10,1,01:08:41,04:51:42,03:43:01,False
85337955,10,1,02:46:31,03:18:31,00:31:59,False
85337956,10,1,03:19:34,04:52:05,01:32:30,False
85337957,10,1,23:46:18,00:34:33,00:48:14,False
85337958,10,1,22:43:29,00:49:56,02:06:26,False
85337958,10,1,00:50:35,03:37:47,02:47:11,False
85338171,10,1,23:29:43,00:42:58,01:13:15,False
85338171,10,1,00:44:18,01:04:25,00:20:07,False
85338212,10,1,22:35:04,23:08:16,00:33:11,False
85338212,10,1,23:09:19,23:25:18,00:15:59,False
85338212,10,1,23:28:36,02:35:53,03:07:16,False
85338212,10,1,02:36:15,04:20:05,01:43:49,False
85338220,10,1,11:11:32,11:23:30,00:11:57,False
85338221,10,1,02:32:59,02:32:59,00:00:00,False
85338346,10,1,11:14:10,12:33:35,01:19:25,False
85338347,10,1,11:19:43,11:19:43,00:00:00,False
85338348,10,1,06:17:35,06:17:35,00:00:00,False
85338349,10,1,04:42:31,04:42:31,00:00:00,False
85338549,10,1,08:09:51,10:11:29,02:01:38,False
85338593,10,1,00:30:34,01:28:26,00:57:52,False
85338594,10,1,10:28:13,11:18:32,00:50:19,False
85338595,10,1,05:13:10,05:13:10,00:00:00,False
85338660,10,1,03:36:39,03:36:39,00:00:00,False
85338661,10,1,08:24:11,10:47:43,02:23:32,False
85338807,10,1,08:07:05,09:33:24,01:26:18,False
85338823,10,1,22:01:44,22:07:03,00:05:19,False
85338839,10,1,22:03:20,22:31:01,00:27:41,False
85338994,10,1,08:02:31,08:02:31,00:00:00,False
85338995,10,1,23:45:29,23:45:29,00:00:00,False
85338999,10,1,04:39:14,04:40:34,00:01:19,False
85339000,10,1,06:18:32,06:24:37,00:06:04,False
85339001,10,1,02:03:40,03:46:25,01:42:44,False
85339001,10,1,03:47:53,05:06:12,01:18:19,False
85339002,10,1,22:38:46,02:44:48,04:06:01,False
85339310,10,1,04:10:24,04:16:38,00:06:14,False
85339310,10,1,04:16:57,04:21:34,00:04:37,False
85339310,10,1,04:21:53,11:07:01,06:45:08,False
85339492,10,1,10:16:54,10:16:54,00:00:00,False
85339495,10,1,02:19:50,02:44:05,00:24:14,False
85339495,10,1,02:44:27,03:29:13,00:44:46,False
85339495,10,1,03:34:12,04:04:08,00:29:56,False
85339496,10,1,06:15:42,06:15:42,00:00:00,False
85339531,10,1,06:24:59,07:18:03,00:53:03,False
85339532,10,1,01:29:54,04:18:56,02:49:02,False
85339533,10,1,00:53:50,03:18:07,02:24:17,False
85339560,10,1,02:38:29,02:38:44,00:00:14,False
85339643,10,1,06:31:54,06:53:33,00:21:39,False
85339644,10,1,22:50:49,03:30:54,04:40:04,False
85339645,10,1,03:27:36,03:39:12,00:11:36,False
85339646,10,1,01:25:49,01:37:28,00:11:38,False
85339670,10,1,02:36:16,02:36:16,00:00:00,False
85339855,10,1,01:39:15,03:17:42,01:38:26,False
85339857,10,1,03:21:02,03:21:02,00:00:00,False
85339877,10,1,09:46:46,11:25:01,01:38:15,False
85340013,10,1,06:28:41,07:30:34,01:01:52,False
85340014,10,1,06:21:24,06:22:06,00:00:41,False
85340015,10,1,01:29:17,01:29:17,00:00:00,False
85340016,10,1,12:37:44,03:21:45,14:44:00,False
85340018,10,1,01:37:48,04:12:52,02:35:04,False
85340019,10,1,01:28:15,01:39:53,00:11:38,False
85340019,10,1,01:40:16,01:43:16,00:03:00,False
85340020,10,1,22:49:40,02:02:54,03:13:14,False
85340021,10,1,02:10:50,02:25:13,00:14:23,False
85340089,10,1,07:40:24,09:28:46,01:48:21,False
85340118,10,1,01:05:46,01:11:03,00:05:16,False
85340119,10,1,01:16:31,03:18:48,02:02:17,False
85340135,10,1,06:17:12,07:06:01,00:48:49,False
85340192,10,1,08:13:55,10:20:59,02:07:04,False
85340196,10,1,12:49:49,12:49:49,00:00:00,False
85340227,10,1,01:36:38,03:17:10,01:40:31,False
85340231,10,1,04:31:04,04:44:43,00:13:38,False
85340231,10,1,04:45:44,06:07:17,01:21:32,False
85340235,10,1,06:29:32,06:29:32,00:00:00,False
85340236,10,1,22:22:27,01:10:02,02:47:35,False
85340238,10,1,11:00:42,11:00:42,00:00:00,False
85340239,10,1,01:23:59,01:23:59,00:00:00,False
85340240,10,1,22:20:51,22:29:37,00:08:45,False
85340241,10,1,22:46:33,23:23:24,00:36:51,False
85340241,10,1,23:23:48,00:53:40,01:29:51,False
85340241,10,1,00:54:17,02:26:58,01:32:40,False
85340242,10,1,05:01:57,05:01:57,00:00:00,False
85340243,10,1,01:02:54,01:19:48,00:16:53,False
85340244,10,1,06:27:16,07:00:23,00:33:06,False
85340247,10,1,06:36:20,06:36:20,00:00:00,False
85340248,10,1,10:30:53,10:30:53,00:00:00,False
85340249,10,1,06:20:09,06:20:09,00:00:00,False
85340250,10,1,06:32:40,06:32:40,00:00:00,False
85340695,10,1,12:48:20,13:42:07,00:53:47,False
85340697,10,1,04:01:51,04:01:51,00:00:00,False
85340698,10,1,04:56:12,04:56:12,00:00:00,False
85340699,10,1,03:48:21,06:19:27,02:31:05,False
85341418,10,1,01:56:38,01:56:38,00:00:00,False
85341419,10,1,04:20:16,05:00:50,00:40:33,False
85341419,10,1,05:21:14,03:26:34,70:05:19,False
85342788,10,1,20:15:26,20:25:21,00:09:55,False
85342788,10,1,20:25:49,20:34:06,00:08:17,False
85342788,10,1,20:36:47,20:43:26,00:06:39,False
85342788,10,1,20:46:02,21:21:11,00:35:08,False
85342788,10,1,21:21:20,21:24:31,00:03:10,False
85342788,10,1,21:24:39,21:54:44,00:30:04,False
85342788,10,1,21:54:52,22:00:14,00:05:22,False
85342788,10,1,22:00:22,03:50:56,05:50:34,False
85342796,10,1,06:42:52,06:42:52,00:00:00,False
85343124,10,1,10:47:10,10:47:10,00:00:00,False
85343125,10,1,08:04:52,08:04:52,00:00:00,False
85343600,10,1,04:01:22,04:01:22,00:00:00,False
85343930,10,1,01:03:00,01:03:00,00:00:00,False
85344457,10,1,04:59:34,10:19:37,05:20:03,False
85345227,10,1,09:54:35,09:54:35,00:00:00,False
85345445,10,1,01:02:30,01:03:25,00:00:55,False
85345446,10,1,02:04:40,02:04:40,00:00:00,False
85345447,10,1,09:18:54,09:18:54,00:00:00,False
85345975,10,1,22:13:23,00:43:27,02:30:04,False
85346411,10,1,09:19:40,09:19:40,00:00:00,False
85346931,10,1,06:08:26,06:08:26,00:00:00,False
85346936,10,1,01:31:35,01:44:34,00:12:58,False
85346936,10,1,01:45:06,02:32:35,00:47:28,False
85346936,10,1,02:33:46,02:45:22,00:11:35,False
85346936,10,1,02:45:42,03:31:37,00:45:54,False
85346936,10,1,03:31:56,22:19:44,18:47:47,False
85347090,10,1,11:26:42,11:26:42,00:00:00,False
85347091,10,1,12:34:26,12:34:26,00:00:00,False
85347092,10,1,08:31:43,09:22:27,00:50:43,False
85347160,10,1,09:34:53,09:43:06,00:08:13,False
85347324,10,1,08:18:17,08:18:17,00:00:00,False
85347445,10,1,09:20:03,09:20:03,00:00:00,False
85347447,10,1,10:25:54,10:25:54,00:00:00,False
85347466,10,1,02:09:04,02:09:04,00:00:00,False
85347807,10,1,12:47:59,12:47:59,00:00:00,False
85347808,10,1,13:39:44,13:39:44,00:00:00,False
85347809,10,1,15:48:45,16:25:19,00:36:34,False
85347810,10,1,01:36:02,03:42:30,02:06:28,False
85347812,10,1,11:13:04,11:13:04,00:00:00,False
85347813,10,1,00:51:43,00:53:19,00:01:35,False
85347849,10,1,08:30:17,09:25:45,00:55:28,False
85348168,10,1,08:34:05,08:34:05,00:00:00,False
85348169,10,1,04:01:18,04:05:57,00:04:39,False
85348188,10,1,06:33:36,06:53:39,00:20:02,False
85348206,10,1,11:07:34,12:40:40,01:33:05,False
85348207,10,1,11:06:21,11:06:21,00:00:00,False
85348208,10,1,11:24:56,11:24:56,00:00:00,False
85348210,10,1,07:21:44,10:24:26,03:02:41,False
85348211,10,1,05:02:47,05:12:01,00:09:14,False
85348211,10,1,05:13:38,06:11:58,00:58:19,False
85348211,10,1,06:12:22,06:13:34,00:01:12,False
85348212,10,1,09:40:55,09:40:55,00:00:00,False
85348213,10,1,06:22:51,06:38:05,00:15:14,False
85348213,10,1,07:04:04,22:54:06,15:50:02,False
85348215,10,1,09:43:31,09:52:54,00:09:22,False
85348217,10,1,11:15:05,11:21:02,00:05:56,False
85348218,10,1,12:42:21,22:07:11,09:24:50,False
85348218,10,1,22:08:17,22:21:00,00:12:42,False
85348219,10,1,01:00:30,01:00:30,00:00:00,False
85348220,10,1,00:59:34,02:36:53,01:37:18,False
85348221,10,1,00:49:12,00:51:08,00:01:55,False
85348299,10,1,22:43:05,22:55:08,00:12:03,False
85348299,10,1,22:55:33,00:43:15,01:47:41,False
85348299,10,1,00:43:48,00:54:54,00:11:05,False
85348299,10,1,00:55:46,01:37:12,00:41:26,False
85348299,10,1,01:37:31,02:24:41,00:47:09,False
85348299,10,1,02:25:55,11:34:06,57:08:10,False
85348308,10,1,06:29:17,06:50:25,00:21:07,False
85348323,10,1,06:22:03,06:27:55,00:05:52,False
85348330,10,1,10:12:18,10:12:43,00:00:24,False
85348331,10,1,02:02:45,02:39:33,00:36:47,False
85348332,10,1,16:13:12,17:07:05,00:53:52,False
85348367,10,1,11:18:53,12:45:33,01:26:39,False
85348368,10,1,05:16:06,05:16:34,00:00:28,False
85348523,10,1,10:13:40,10:45:03,00:31:22,False
85348524,10,1,10:47:27,11:03:17,00:15:49,False
85348534,10,1,08:38:05,09:11:30,00:33:25,False
85348537,10,1,22:07:44,22:45:03,00:37:19,False
85348537,10,1,22:46:01,23:42:40,00:56:39,False
85348537,10,1,23:43:09,00:42:49,00:59:39,False
85348538,10,1,01:48:16,01:48:16,00:00:00,False
85348540,10,1,23:17:50,23:25:42,00:07:52,False
85348540,10,1,23:25:57,23:39:03,00:13:06,False
85348540,10,1,23:39:27,00:40:58,01:01:31,False
85348540,10,1,00:41:15,00:56:38,00:15:22,False
85348540,10,1,00:56:58,01:00:58,00:04:00,False
85348540,10,1,01:01:16,01:06:53,00:05:36,False
85348540,10,1,01:07:10,01:32:07,00:24:56,False
85348540,10,1,01:32:25,01:42:57,00:10:32,False
85348540,10,1,01:43:12,01:58:16,00:15:04,False
85348540,10,1,01:58:32,02:03:09,00:04:36,False
85348540,10,1,02:04:13,02:17:13,00:13:00,False
85348540,10,1,02:17:28,02:20:51,00:03:22,False
85348540,10,1,02:21:13,04:00:30,01:39:17,False
85348612,10,1,10:45:24,12:40:57,01:55:32,False
85348613,10,1,06:54:40,07:13:40,00:19:00,False
85348655,10,1,10:07:47,10:07:47,00:00:00,False
85348656,10,1,09:27:38,09:27:38,00:00:00,False
85348657,10,1,07:09:27,08:19:48,01:10:21,False
85348658,10,1,09:28:26,09:28:26,00:00:00,False
85348659,10,1,23:11:56,23:11:56,00:00:00,False
85348660,10,1,22:23:10,01:26:06,03:02:55,False
85348660,10,1,01:26:24,03:24:19,01:57:55,False
85348661,10,1,09:39:31,09:39:31,00:00:00,False
85348663,10,1,06:38:21,06:38:21,00:00:00,False
85348665,10,1,09:42:48,09:56:26,00:13:37,False
85348667,10,1,00:35:03,00:45:44,00:10:41,False
85348668,10,1,03:41:06,05:22:41,01:41:35,False
85348672,10,1,07:28:57,07:28:57,00:00:00,False
85348696,10,1,07:32:27,07:50:16,00:17:48,False
85348703,10,1,07:27:10,07:27:10,00:00:00,False
85348704,10,1,11:09:38,11:09:38,00:00:00,False
85348708,10,1,11:21:59,11:21:59,00:00:00,False
85348716,10,1,21:32:29,21:42:50,00:10:21,False
85348716,10,1,21:45:15,21:53:05,00:07:49,False
85348721,10,1,07:08:54,07:08:54,00:00:00,False
85348723,10,1,07:31:36,07:31:36,00:00:00,False
85348725,10,1,05:15:46,05:16:58,00:01:12,False
85348749,10,1,10:46:17,11:01:53,00:15:35,False
85348769,10,1,10:13:57,12:34:41,02:20:43,False
85348774,10,1,11:04:01,11:05:02,00:01:01,False
85348779,10,1,15:39:02,17:25:34,01:46:31,False
85348792,10,1,01:03:15,01:03:15,00:00:00,False
85348793,10,1,07:28:53,08:11:55,00:43:02,False
85348794,10,1,12:55:48,22:04:38,09:08:49,False
85348794,10,1,22:05:17,01:21:08,03:15:50,False
85348794,10,1,01:34:33,02:35:30,01:00:56,False
85348795,10,1,09:32:20,09:43:51,00:11:30,False
85348796,10,1,11:05:29,11:06:44,00:01:15,False
85348797,10,1,13:05:58,13:05:58,00:00:00,False
85348798,10,1,10:18:55,10:18:55,00:00:00,False
85348800,10,1,09:36:45,09:36:45,00:00:00,False
85348801,10,1,22:31:42,00:52:25,02:20:43,False
85348802,10,1,22:22:05,02:31:04,04:08:58,False
85348804,10,1,07:10:41,07:49:51,00:39:09,False
85348811,10,1,22:32:42,22:32:42,00:00:00,False
85348812,10,1,23:15:12,00:47:00,01:31:48,False
85348813,10,1,22:25:34,07:57:40,09:32:06,False
85348814,10,1,23:15:46,10:00:26,10:44:40,False
85348815,10,1,23:45:16,23:45:16,00:00:00,False
85348816,10,1,00:46:52,00:50:39,00:03:47,False
85348817,10,1,17:21:13,17:21:13,00:00:00,False
85348996,10,1,23:13:24,23:13:24,00:00:00,False
85348999,10,1,17:35:20,17:35:20,00:00:00,False
85349001,10,1,06:23:59,07:47:43,01:23:44,False
85349002,10,1,07:28:09,07:28:09,00:00:00,False
85349003,10,1,23:23:47,23:23:47,00:00:00,False
85349004,10,1,01:01:05,01:01:05,00:00:00,False
85349222,10,1,23:06:42,23:11:20,00:04:37,False
85349222,10,1,23:11:41,23:13:07,00:01:25,False
85349223,10,1,12:35:31,12:40:14,00:04:43,False
85349223,10,1,12:48:43,01:03:34,12:14:51,False
85349224,10,1,08:23:54,09:42:40,01:18:46,False
85349268,10,1,10:11:12,10:14:08,00:02:56,False
85349511,10,1,06:54:06,07:13:17,00:19:11,False
85349511,10,1,07:31:59,07:35:23,00:03:24,False
85349511,10,1,07:37:02,08:17:13,00:40:10,False
85349511,10,1,08:18:24,08:21:20,00:02:55,False
85349511,10,1,09:28:44,09:31:07,00:02:22,False
85349512,10,1,22:25:51,01:23:15,02:57:23,False
85349515,10,1,07:48:07,08:01:30,00:13:22,False
85349516,10,1,07:24:03,07:48:59,00:24:56,False
85349641,10,1,08:08:11,08:08:36,00:00:25,False
85349642,10,1,11:01:20,11:08:41,00:07:21,False
85349652,10,1,06:53:49,06:53:49,00:00:00,False
85349830,10,1,07:25:37,07:25:37,00:00:00,False
85349837,10,1,07:52:11,07:52:11,00:00:00,False
85349838,10,1,08:23:07,09:33:43,01:10:35,False
85349839,10,1,11:05:56,11:05:56,00:00:00,False
85349840,10,1,09:31:33,09:35:22,00:03:48,False
85349842,10,1,02:42:10,06:39:56,03:57:45,False
85349843,10,1,23:06:31,23:36:04,00:29:33,False
85349846,10,1,07:31:18,07:31:18,00:00:00,False
85349948,10,1,11:24:38,11:24:38,00:00:00,False
85349949,10,1,07:08:51,07:27:33,00:18:42,False
85349952,10,1,04:41:55,04:41:55,00:00:00,False
85350254,10,1,01:24:56,01:24:56,00:00:00,False
85350258,10,1,06:57:24,07:47:14,00:49:49,False
85350258,10,1,07:50:39,08:01:15,00:10:36,False
85350259,10,1,07:39:06,07:39:06,00:00:00,False
85350260,10,1,06:42:22,08:04:06,01:21:44,False
85350261,10,1,22:22:50,22:59:30,00:36:39,False
85350261,10,1,22:59:57,23:14:06,00:14:08,False
85350261,10,1,23:14:24,00:40:54,01:26:30,False
85350261,10,1,00:41:38,02:04:00,01:22:22,False
85350262,10,1,09:36:23,09:36:23,00:00:00,False
85350263,10,1,09:35:55,09:37:06,00:01:10,False
85350264,10,1,04:42:26,08:27:34,03:45:08,False
85350265,10,1,09:43:01,09:43:01,00:00:00,False
85350277,10,1,07:33:42,23:30:49,15:57:07,False
85350278,10,1,11:16:55,12:35:12,01:18:17,False
85350279,10,1,10:27:33,10:27:33,00:00:00,False
85350280,10,1,06:17:10,07:48:48,01:31:37,False
85350281,10,1,00:50:09,00:50:09,00:00:00,False
85350282,10,1,00:34:19,00:34:19,00:00:00,False
85350283,10,1,22:51:30,01:14:26,02:22:55,False
85350284,10,1,02:25:11,02:25:11,00:00:00,False
85350335,10,1,04:42:35,04:42:35,00:00:00,False
85350351,10,1,01:31:13,01:31:13,00:00:00,False
85350412,10,1,22:23:35,22:23:35,00:00:00,False
85350413,10,1,00:39:57,00:39:57,00:00:00,False
85350414,10,1,08:23:39,08:34:28,00:10:48,False
85350415,10,1,09:41:32,09:41:32,00:00:00,False
85350637,10,1,11:03:41,12:41:48,01:38:07,False
85350909,10,1,09:34:58,10:18:52,00:43:54,False
85350919,10,1,08:31:39,00:37:20,16:05:40,False
85350923,10,1,06:18:17,06:18:17,00:00:00,False
85350924,10,1,06:24:27,06:24:27,00:00:00,False
85350925,10,1,00:53:51,00:53:51,00:00:00,False
85351424,10,1,00:48:27,00:48:27,00:00:00,False
85351667,10,1,01:23:37,01:23:37,00:00:00,False
85351668,10,1,06:56:38,06:56:38,00:00:00,False
85351669,10,1,08:16:02,08:16:02,00:00:00,False
85351804,10,1,03:33:49,03:39:36,00:05:47,False
85351804,10,1,03:40:29,03:57:18,00:16:48,False
85351804,10,1,03:58:13,04:08:07,00:09:54,False
85351804,10,1,04:08:18,04:21:22,00:13:03,False
85351804,10,1,04:21:54,04:28:34,00:06:39,False
85351804,10,1,04:30:26,07:20:38,02:50:12,False
85351804,10,1,07:25:20,07:50:27,00:25:07,False
85351805,10,1,02:31:25,06:42:34,04:11:09,False
85351805,10,1,06:42:52,07:53:52,01:10:59,False
85351821,10,1,06:28:55,06:28:55,00:00:00,False
85352766,10,1,22:47:09,00:33:35,01:46:25,False
85352858,10,1,07:29:45,07:29:45,00:00:00,False
85352984,10,1,23:08:13,23:22:31,00:14:17,False
85352985,10,1,22:44:55,00:33:12,01:48:17,False
85353019,10,1,08:04:30,08:04:30,00:00:00,False
85353039,10,1,06:51:53,07:07:02,00:15:09,False
85353039,10,1,07:07:20,07:28:32,00:21:11,False
85353041,10,1,00:51:11,01:01:46,00:10:35,False
85353197,10,1,04:33:40,04:38:28,00:04:47,False
85353197,10,1,04:38:51,04:44:08,00:05:16,False
85353197,10,1,04:44:34,06:08:43,01:24:08,False
85353197,10,1,06:58:18,07:25:51,00:27:33,False
85353197,10,1,07:26:08,22:09:22,14:43:14,False
85353202,10,1,08:04:53,08:14:28,00:09:35,False
85353203,10,1,22:19:55,22:23:26,00:03:31,False
85353203,10,1,22:23:38,22:37:14,00:13:35,False
85353203,10,1,22:37:22,23:04:15,00:26:53,False
85353203,10,1,23:04:28,02:10:17,03:05:48,False
85353204,10,1,08:17:56,08:17:56,00:00:00,False
85353209,10,1,01:48:48,08:19:56,06:31:07,False
85353210,10,1,07:58:11,07:58:11,00:00:00,False
85353322,10,1,06:41:52,08:32:30,01:50:37,False
85353323,10,1,05:25:46,06:36:59,01:11:13,False
85353370,10,1,22:44:05,22:45:11,00:01:06,False
85353375,10,1,08:05:14,08:31:17,00:26:03,False
85353470,10,1,06:13:14,06:20:33,00:07:18,False
85353471,10,1,06:29:13,08:02:42,01:33:29,False
85353530,10,1,22:46:16,00:34:19,01:48:02,False
85353560,10,1,08:22:02,09:42:22,01:20:20,False
85353563,10,1,04:25:05,04:39:55,00:14:50,False
85353572,10,1,08:07:34,08:19:53,00:12:19,False
85353573,10,1,09:02:50,09:02:50,00:00:00,False
85353574,10,1,23:30:13,23:30:13,00:00:00,False
85353581,10,1,23:23:42,23:36:18,00:12:36,False
85353582,10,1,23:30:38,23:30:38,00:00:00,False
85353583,10,1,09:02:11,09:02:11,00:00:00,False
85353585,10,1,06:22:39,06:22:39,00:00:00,False
85353587,10,1,05:25:51,05:44:12,00:18:20,False
85353588,10,1,06:29:35,06:29:35,00:00:00,False
85353843,10,1,22:09:53,22:09:53,00:00:00,False
85353844,10,1,07:36:39,07:49:29,00:12:50,False
85353892,10,1,22:33:28,22:38:32,00:05:03,False
85353893,10,1,22:39:10,22:43:19,00:04:08,False
85353894,10,1,10:19:08,10:19:08,00:00:00,False
85353895,10,1,16:26:43,16:47:26,00:20:43,False
85353896,10,1,07:40:41,09:36:37,01:55:55,False
85353909,10,1,13:44:12,13:54:00,00:09:47,False
85353909,10,1,13:54:20,14:01:57,00:07:37,False
85353909,10,1,14:02:15,17:21:32,03:19:16,False
85354005,10,1,23:22:52,00:33:58,01:11:06,False
85354006,10,1,23:37:39,00:45:51,01:08:12,False
85354007,10,1,09:02:32,09:02:32,00:00:00,False
85354331,10,1,23:40:57,23:40:57,00:00:00,False
85354332,10,1,23:40:25,23:42:48,00:02:22,False
85354333,10,1,22:56:05,22:56:05,00:00:00,False
85354334,10,1,22:45:52,22:55:35,00:09:43,False
85354376,10,1,01:44:12,01:44:28,00:00:16,False
85354380,10,1,23:38:57,23:38:57,00:00:00,False
85354381,10,1,04:03:58,04:03:58,00:00:00,False
85354446,10,1,06:14:21,06:21:45,00:07:24,False
85354447,10,1,09:23:13,01:59:10,16:35:56,False
85354447,10,1,01:59:27,02:00:06,00:00:38,False
85354448,10,1,04:14:48,05:19:45,01:04:57,False
85354448,10,1,05:31:33,06:18:53,00:47:20,False
85354509,10,1,08:19:13,08:19:13,00:00:00,False
85354511,10,1,05:39:44,05:39:44,00:00:00,False
85354512,10,1,06:51:14,07:06:23,00:15:09,False
85354550,10,1,06:55:16,07:39:56,00:44:40,False
85354550,10,1,07:40:27,07:51:48,00:11:20,False
85354550,10,1,07:52:08,08:05:55,00:13:47,False
85354550,10,1,08:19:30,08:19:30,00:00:00,False
85354576,10,1,06:29:34,06:29:34,00:00:00,False
85354578,10,1,06:13:57,06:13:57,00:00:00,False
85354579,10,1,22:10:23,23:25:21,01:14:58,False
85354598,10,1,22:43:23,22:43:23,00:00:00,False
85354599,10,1,07:11:16,07:11:16,00:00:00,False
85354608,10,1,00:48:46,00:48:46,00:00:00,False
85354612,10,1,08:16:17,08:16:17,00:00:00,False
85354613,10,1,16:45:06,16:45:28,00:00:22,False
85354614,10,1,06:34:50,23:01:34,16:26:43,False
85354615,10,1,06:11:30,06:27:54,00:16:24,False
85354616,10,1,03:36:02,03:36:02,00:00:00,False
85354617,10,1,02:30:04,02:30:04,00:00:00,False
85354624,10,1,22:54:41,22:54:41,00:00:00,False
85354625,10,1,08:00:31,22:22:45,14:22:14,False
85354626,10,1,22:42:38,22:42:38,00:00:00,False
85354627,10,1,08:36:30,08:36:30,00:00:00,False
85354628,10,1,03:34:59,05:22:45,01:47:46,False
85354675,10,1,00:39:55,03:19:56,02:40:01,False
85354676,10,1,22:23:07,01:57:44,03:34:37,False
85354677,10,1,22:23:48,01:47:02,03:23:14,False
85354677,10,1,01:59:48,03:29:15,01:29:27,False
85354764,10,1,06:12:51,06:48:28,00:35:36,False
85354765,10,1,09:04:49,09:20:59,00:16:10,False
85354765,10,1,09:21:34,09:23:02,00:01:27,False
85354766,10,1,04:52:56,06:17:25,01:24:29,False
85354767,10,1,02:42:48,03:59:36,01:16:48,False
85354767,10,1,03:59:56,06:43:54,02:43:57,False
85354920,10,1,03:23:07,05:34:46,02:11:39,False
85354930,10,1,14:04:32,14:11:16,00:06:43,False
85354930,10,1,14:11:40,14:18:41,00:07:01,False
85354930,10,1,14:18:58,14:37:18,00:18:20,False
85354930,10,1,14:37:41,15:28:32,00:50:51,False
85354934,10,1,07:13:19,07:24:50,00:11:30,False
85354953,10,1,02:14:43,05:00:52,02:46:08,False
85355020,10,1,02:16:33,02:28:52,00:12:18,False
85355595,10,1,22:34:29,01:29:09,02:54:40,False
85355651,10,1,00:49:26,04:48:37,03:59:11,False
85355652,10,1,05:00:00,22:10:47,17:10:46,False
85355875,10,1,09:03:05,09:06:22,00:03:16,False
85355877,10,1,01:02:01,01:30:36,00:28:35,False
85355877,10,1,01:31:54,02:16:26,00:44:31,False
85355877,10,1,02:16:43,05:11:27,02:54:44,False
85355993,10,1,07:38:32,07:47:48,00:09:16,False
85356022,10,1,02:39:30,02:39:30,00:00:00,False
85356025,10,1,02:36:19,03:49:47,01:13:27,False
85356097,10,1,21:34:26,22:30:04,00:55:38,False
85356097,10,1,22:30:14,22:30:47,00:00:32,False
85356105,10,1,08:06:18,08:12:41,00:06:22,False
85356106,10,1,23:32:10,01:01:25,01:29:15,False
85356106,10,1,01:15:30,22:19:26,21:03:56,False
85356107,10,1,06:14:46,06:14:46,00:00:00,False
85356109,10,1,06:38:02,06:38:02,00:00:00,False
85356111,10,1,08:02:19,08:02:19,00:00:00,False
85356115,10,1,01:05:24,03:46:41,02:41:17,False
85356115,10,1,03:47:25,03:48:50,00:01:25,False
85356116,10,1,02:18:00,02:18:00,00:00:00,False
85356118,10,1,23:21:08,23:21:08,00:00:00,False
85356120,10,1,09:31:54,23:14:02,13:42:07,False
85356250,10,1,02:39:36,02:40:21,00:00:44,False
85356256,10,1,08:12:09,08:12:09,00:00:00,False
85356261,10,1,06:11:54,06:11:54,00:00:00,False
85356262,10,1,06:03:15,06:12:27,00:09:12,False
85356266,10,1,02:42:49,03:21:41,00:38:52,False
85356269,10,1,23:02:51,03:28:53,04:26:01,False
85356271,10,1,00:40:33,00:40:33,00:00:00,False
85356273,10,1,07:26:57,07:26:57,00:00:00,False
85356274,10,1,14:16:24,16:28:11,02:11:46,False
85356274,10,1,16:28:39,16:32:13,00:03:34,False
85356274,10,1,16:33:30,16:40:40,00:07:09,False
85356274,10,1,16:41:05,17:05:55,00:24:50,False
85356274,10,1,17:06:14,17:08:00,00:01:46,False
85356289,10,1,03:22:46,03:22:46,00:00:00,False
85356291,10,1,02:45:30,02:45:30,00:00:00,False
85356295,10,1,06:30:28,07:06:40,00:36:12,False
85356296,10,1,07:48:14,07:48:14,00:00:00,False
85356302,10,1,09:12:01,09:30:53,00:18:51,False
85356302,10,1,22:21:03,23:19:01,00:57:57,False
85356302,10,1,23:19:29,04:23:16,05:03:46,False
85356358,10,1,08:20:09,08:26:59,00:06:49,False
85356358,10,1,08:27:10,08:30:06,00:02:55,False
85356358,10,1,08:30:21,09:04:36,00:34:15,False
85356549,10,1,23:02:12,00:41:59,01:39:46,False
85356555,10,1,22:33:43,22:33:43,00:00:00,False
85356648,10,1,22:33:46,00:56:06,02:22:19,False
85356780,10,1,22:25:23,22:39:52,00:14:29,False
85357089,10,1,09:51:55,09:51:55,00:00:00,False
85357091,10,1,01:15:16,01:15:16,00:00:00,False
85357164,10,1,04:01:29,04:01:29,00:00:00,False
85357166,10,1,06:46:34,06:46:34,00:00:00,False
85357338,10,1,08:26:29,08:26:29,00:00:00,False
85357339,10,1,22:28:29,22:28:29,00:00:00,False
85357343,10,1,08:13:56,08:14:09,00:00:13,False
85357346,10,1,12:36:17,12:36:17,00:00:00,False
85357352,10,1,22:12:01,23:45:31,01:33:29,False
85357354,10,1,22:12:42,22:12:42,00:00:00,False
85357624,10,1,22:28:49,22:43:41,00:14:52,False
85358247,10,1,10:36:37,10:36:37,00:00:00,False
85358287,10,1,18:49:16,20:42:08,01:52:52,False
85359044,10,1,14:20:26,14:20:26,00:00:00,False
85359306,10,1,03:36:58,03:41:39,00:04:41,False
85359307,10,1,10:27:25,10:35:12,00:07:46,False
85359378,10,1,04:13:10,04:20:20,00:07:09,False
85359378,10,1,04:21:27,04:36:58,00:15:30,False
85359378,10,1,04:37:21,04:46:00,00:08:38,False
85359378,10,1,04:46:23,04:50:39,00:04:15,False
85359378,10,1,04:51:04,05:10:02,00:18:58,False
85359378,10,1,05:12:10,05:15:06,00:02:56,False
85359378,10,1,05:15:26,22:41:39,17:26:12,False
85359379,10,1,06:27:46,06:27:46,00:00:00,False
85359380,10,1,04:56:55,04:56:55,00:00:00,False
85359382,10,1,10:15:02,10:15:02,00:00:00,False
85359505,10,1,10:29:16,11:05:39,00:36:22,False
85359627,10,1,16:17:33,18:30:46,02:13:12,False
85359628,10,1,01:04:30,01:14:21,00:09:51,False
85359628,10,1,01:14:52,01:33:27,00:18:34,False
85359634,10,1,05:07:28,05:07:28,00:00:00,False
85359637,10,1,03:48:50,03:48:50,00:00:00,False
85359712,10,1,10:16:04,10:16:04,00:00:00,False
85359714,10,1,06:27:14,06:27:14,00:00:00,False
85359715,10,1,07:11:33,07:11:33,00:00:00,False
85359719,10,1,09:54:51,09:54:51,00:00:00,False
85359945,10,1,05:05:39,05:34:15,00:28:36,False
85360213,10,1,22:37:32,22:37:32,00:00:00,False
85360217,10,1,06:41:57,06:42:34,00:00:36,False
85360331,10,1,05:42:34,06:30:21,00:47:47,False
85360427,10,1,11:10:17,11:28:03,00:17:45,False
85360427,10,1,11:29:55,11:34:29,00:04:33,False
85360427,10,1,11:34:49,22:32:40,10:57:50,False
85360427,10,1,22:33:02,23:43:17,01:10:15,False
85360428,10,1,06:16:37,09:28:01,03:11:24,False
85360430,10,1,05:03:18,05:03:18,00:00:00,False
85360431,10,1,08:07:10,08:15:48,00:08:38,False
85360431,10,1,09:20:24,09:27:31,00:07:07,False
85360431,10,1,10:03:05,10:11:01,00:07:56,False
85360431,10,1,10:11:42,10:35:40,00:23:57,False
85360431,10,1,10:37:09,12:37:58,02:00:49,False
85360431,10,1,23:17:02,23:17:02,00:00:00,False
85360612,10,1,07:40:44,08:05:49,00:25:05,False
85360612,10,1,08:12:52,09:34:38,01:21:45,False
85360722,10,1,05:44:37,05:44:37,00:00:00,False
85360723,10,1,05:27:12,05:27:12,00:00:00,False
85360724,10,1,07:56:48,07:56:48,00:00:00,False
85360725,10,1,03:45:37,04:11:39,00:26:01,False
85360725,10,1,04:11:57,05:12:27,01:00:29,False
85360726,10,1,06:41:33,06:41:33,00:00:00,False
85360728,10,1,04:46:07,04:46:07,00:00:00,False
85360787,10,1,03:58:47,03:58:47,00:00:00,False
85360823,10,1,04:40:30,04:40:30,00:00:00,False
85360829,10,1,07:12:45,09:41:40,02:28:54,False
85360830,10,1,01:05:25,01:05:25,00:00:00,False
85360836,10,1,10:20:02,10:20:02,00:00:00,False
85360837,10,1,03:42:43,03:42:43,00:00:00,False
85360838,10,1,03:16:21,03:16:21,00:00:00,False
85360839,10,1,07:08:34,07:14:36,00:06:02,False
85360840,10,1,04:33:04,06:48:52,02:15:47,False
85360840,10,1,06:49:11,03:51:18,21:02:07,False
85360847,10,1,02:32:26,02:32:26,00:00:00,False
85360848,10,1,11:06:49,12:39:59,01:33:09,False
85360848,10,1,12:40:34,23:18:33,10:37:59,False
85360850,10,1,11:28:57,02:29:09,15:00:11,False
85360850,10,1,06:11:00,22:45:33,16:34:32,False
85360851,10,1,11:07:55,22:31:54,11:23:59,False
85361040,10,1,07:21:42,07:21:42,00:00:00,False
85361102,10,1,03:57:29,06:49:34,02:52:04,False
85361129,10,1,04:32:35,07:50:50,03:18:15,False
85361332,10,1,08:04:05,08:04:05,00:00:00,False
85361388,10,1,05:07:49,05:08:13,00:00:23,False
85361913,10,1,04:12:08,05:24:11,01:12:03,False
85361914,10,1,03:29:30,03:43:35,00:14:04,False
85361915,10,1,03:23:23,06:29:00,03:05:36,False
85361916,10,1,07:11:59,07:11:59,00:00:00,False
85362048,10,1,05:18:37,05:21:42,00:03:05,False
85362309,10,1,22:01:56,22:06:29,00:04:33,False
85362315,10,1,08:19:26,08:19:26,00:00:00,False
85362318,10,1,03:25:36,03:25:36,00:00:00,False
85362441,10,1,21:46:57,22:06:15,00:19:18,False
85362442,10,1,06:45:47,06:45:47,00:00:00,False
85362451,10,1,06:35:55,08:01:02,01:25:06,False
85362452,10,1,01:55:06,01:55:06,00:00:00,False
85362453,10,1,06:42:44,09:53:03,03:10:18,False
85362454,10,1,19:21:47,19:21:47,00:00:00,False
85362458,10,1,06:44:22,06:44:22,00:00:00,False
85362459,10,1,03:49:52,03:49:52,00:00:00,False
85362783,10,1,06:26:30,07:12:27,00:45:57,False
85362784,10,1,01:54:17,02:30:57,00:36:39,False
85362785,10,1,01:49:52,01:52:58,00:03:05,False
85362794,10,1,19:38:59,19:38:59,00:00:00,False
85362804,10,1,05:23:57,05:23:57,00:00:00,False
85362810,10,1,05:06:54,05:06:54,00:00:00,False
85362811,10,1,04:00:05,04:34:03,00:33:57,False
85362812,10,1,04:32:12,05:37:27,01:05:14,False
85362812,10,1,05:43:08,05:43:08,00:00:00,False
85362813,10,1,03:25:17,04:09:03,00:43:46,False
85362819,10,1,04:07:14,04:11:26,00:04:11,False
85362820,10,1,11:06:18,11:06:18,00:00:00,False
85362821,10,1,22:35:33,22:35:33,00:00:00,False
85362823,10,1,03:39:22,03:39:22,00:00:00,False
85362864,10,1,07:13:15,09:52:36,02:39:20,False
85362890,10,1,04:44:16,07:09:20,02:25:04,False
85362890,10,1,07:09:47,08:11:18,01:01:30,False
85362894,10,1,04:14:32,04:14:32,00:00:00,False
85362895,10,1,04:15:07,06:59:12,02:44:04,False
85362922,10,1,03:38:21,04:06:36,00:28:14,False
85362923,10,1,06:36:53,07:55:37,01:18:43,False
85362923,10,1,07:55:53,08:13:11,00:17:18,False
85362923,10,1,09:19:49,22:40:57,13:21:08,False
85362925,10,1,22:17:35,22:17:35,00:00:00,False
85363854,10,1,01:56:37,02:06:18,00:09:40,False
85363858,10,1,01:50:59,01:50:59,00:00:00,False
85363860,10,1,02:06:57,02:06:57,00:00:00,False
85363862,10,1,21:41:45,00:31:11,02:49:25,False
85363864,10,1,00:55:18,00:55:18,00:00:00,False
85363868,10,1,08:17:46,08:21:42,00:03:56,False
85363869,10,1,01:16:54,01:22:19,00:05:24,False
85363869,10,1,01:22:40,02:09:27,00:46:47,False
85363869,10,1,02:09:58,04:06:32,01:56:33,False
85363870,10,1,03:54:16,05:20:16,01:25:59,False
85363873,10,1,04:13:24,04:13:24,00:00:00,False
85364389,10,1,09:33:50,09:33:50,00:00:00,False
85364530,10,1,05:11:54,05:11:54,00:00:00,False
85364956,10,1,04:41:40,04:41:40,00:00:00,False
85364957,10,1,04:03:42,04:03:42,00:00:00,False
85364958,10,1,04:12:36,04:12:36,00:00:00,False
85364959,10,1,04:40:07,04:40:07,00:00:00,False
85364960,10,1,04:14:41,04:14:41,00:00:00,False
85365206,10,1,04:40:46,04:40:46,00:00:00,False
85365267,10,1,07:14:57,08:04:41,00:49:44,False
85365293,10,1,06:16:16,08:01:20,01:45:04,False
85365506,10,1,23:06:02,23:06:21,00:00:19,False
85365567,10,1,06:41:53,06:41:53,00:00:00,False
85365568,10,1,03:51:35,04:07:17,00:15:41,False
85365569,10,1,10:21:21,10:21:21,00:00:00,False
85365685,10,1,08:00:02,08:00:02,00:00:00,False
85365686,10,1,10:13:27,10:13:27,00:00:00,False
85365687,10,1,10:23:50,10:23:50,00:00:00,False
85366031,10,1,06:15:58,06:50:49,00:34:51,False
85366031,10,1,06:54:19,07:58:49,01:04:29,False
85366031,10,1,08:32:50,04:06:55,19:34:05,False
85366032,10,1,06:21:53,06:21:53,00:00:00,False
85366034,10,1,09:20:32,09:33:51,00:13:19,False
85366034,10,1,09:35:30,11:40:50,02:05:20,False
85366132,10,1,14:08:11,18:26:18,04:18:06,False
85366569,10,1,12:59:52,13:36:39,00:36:46,False
85366569,10,1,13:39:55,13:52:14,00:12:18,False
85366695,10,1,11:32:57,14:14:24,02:41:27,False
85366696,10,1,10:39:18,10:59:50,00:20:31,False
85366697,10,1,10:10:48,10:21:42,00:10:53,False
85366698,10,1,10:17:34,10:41:08,00:23:33,False
85366699,10,1,10:19:17,10:43:49,00:24:32,False
85366699,10,1,10:44:44,13:13:25,02:28:41,False
85366784,10,1,11:29:53,19:21:13,07:51:19,False
85366785,10,1,07:56:28,08:41:22,00:44:54,False
85366819,10,1,09:43:22,09:43:22,00:00:00,False
85367322,10,1,04:44:52,04:44:52,00:00:00,False
85367541,10,1,16:49:09,16:49:09,00:00:00,False
85367653,10,1,12:56:37,12:56:37,00:00:00,False
85368224,10,1,06:40:34,09:52:15,03:11:40,False
85368226,10,1,04:53:08,06:06:25,01:13:17,False
85368227,10,1,04:45:25,06:16:44,01:31:19,False
85368228,10,1,09:38:08,10:04:18,00:26:09,False
85368438,10,1,08:22:23,08:27:32,00:05:09,False
85368456,10,1,08:27:51,08:27:51,00:00:00,False
85368837,10,1,05:24:45,06:17:25,00:52:39,False
85368837,10,1,06:17:42,06:57:03,00:39:21,False
85368838,10,1,07:17:09,08:27:11,01:10:01,False
85369026,10,1,05:14:52,06:53:16,01:38:24,False
85369027,10,1,05:11:22,05:13:32,00:02:10,False
85369054,10,1,16:25:57,16:25:57,00:00:00,False
85369055,10,1,10:00:43,10:01:05,00:00:21,False
85369056,10,1,09:22:41,09:22:41,00:00:00,False
85369057,10,1,15:44:30,15:44:30,00:00:00,False
85369063,10,1,13:49:20,13:49:20,00:00:00,False
85369065,10,1,06:43:14,06:43:14,00:00:00,False
85369066,10,1,15:36:21,15:36:21,00:00:00,False
85369126,10,1,09:57:27,10:23:33,00:26:05,False
85369127,10,1,08:24:08,10:03:21,01:39:13,False
85369139,10,1,21:43:43,21:43:43,00:00:00,False
85369140,10,1,10:09:11,10:09:48,00:00:36,False
85369141,10,1,05:12:10,11:10:40,05:58:29,False
85369142,10,1,01:46:12,01:46:12,00:00:00,False
85369144,10,1,09:52:50,09:52:50,00:00:00,False
85369145,10,1,07:25:02,08:36:04,01:11:01,False
85369146,10,1,17:03:14,17:03:14,00:00:00,False
85369153,10,1,16:26:23,16:26:23,00:00:00,False
85369154,10,1,16:33:45,16:33:45,00:00:00,False
85369156,10,1,09:53:13,10:06:21,00:13:07,False
85369157,10,1,04:46:09,04:46:09,00:00:00,False
85369158,10,1,04:39:28,06:09:52,01:30:23,False
85369159,10,1,04:52:17,04:52:17,00:00:00,False
85369160,10,1,10:12:17,10:13:06,00:00:49,False
85369161,10,1,10:10:29,10:10:29,00:00:00,False
85369162,10,1,14:13:35,14:13:35,00:00:00,False
85369163,10,1,18:25:46,18:25:46,00:00:00,False
85369165,10,1,01:02:41,01:02:41,00:00:00,False
85369169,10,1,11:10:04,11:10:04,00:00:00,False
85369170,10,1,09:55:44,18:25:37,08:29:53,False
85369172,10,1,09:17:58,09:17:58,00:00:00,False
85369173,10,1,06:49:58,07:04:06,00:14:08,False
85369173,10,1,07:04:33,09:29:22,02:24:49,False
85369174,10,1,08:24:12,08:24:12,00:00:00,False
85369175,10,1,07:14:10,10:22:43,03:08:32,False
85369176,10,1,13:41:04,13:41:04,00:00:00,False
85369177,10,1,13:51:23,13:51:23,00:00:00,False
85369288,10,1,15:29:37,15:29:37,00:00:00,False
85369289,10,1,04:45:49,04:45:49,00:00:00,False
85369637,10,1,12:55:22,12:55:22,00:00:00,False
85369638,10,1,09:55:23,10:14:47,00:19:23,False
85369681,10,1,23:14:15,23:14:15,00:00:00,False
85369683,10,1,10:46:20,11:27:38,00:41:17,False
85369683,10,1,11:28:06,12:34:43,01:06:37,False
85369683,10,1,12:35:09,12:56:45,00:21:36,False
85369683,10,1,13:12:44,13:22:00,00:09:15,False
85369683,10,1,13:22:26,22:06:42,08:44:16,False
85369683,10,1,22:07:00,22:26:06,00:19:06,False
85369683,10,1,22:26:32,22:29:50,00:03:18,False
85369683,10,1,22:30:07,22:33:35,00:03:27,False
85369683,10,1,22:33:55,22:40:01,00:06:06,False
85369683,10,1,22:40:22,22:47:35,00:07:12,False
85369683,10,1,22:47:57,23:08:47,00:20:49,False
85369683,10,1,23:09:08,23:38:39,00:29:30,False
85369683,10,1,23:39:15,23:43:03,00:03:47,False
85369683,10,1,23:43:31,00:58:10,01:14:38,False
85369683,10,1,00:58:34,01:13:55,00:15:21,False
85369683,10,1,01:14:23,01:59:02,00:44:39,False
85369683,10,1,01:59:25,02:04:12,00:04:46,False
85369683,10,1,02:04:46,02:08:27,00:03:41,False
85369683,10,1,02:08:50,02:25:35,00:16:44,False
85369683,10,1,02:25:55,03:22:10,00:56:15,False
85369683,10,1,03:22:31,04:52:42,01:30:11,False
85369685,10,1,07:23:55,07:23:55,00:00:00,False
85369686,10,1,11:00:34,11:25:53,00:25:18,False
85369686,10,1,11:27:12,11:40:15,00:13:03,False
85369687,10,1,14:33:37,14:34:08,00:00:31,False
85369689,10,1,22:32:27,22:32:27,00:00:00,False
85369690,10,1,15:45:22,15:45:22,00:00:00,False
85369703,10,1,13:00:48,13:41:13,00:40:24,False
85369705,10,1,08:30:46,08:30:46,00:00:00,False
85369706,10,1,07:21:29,08:24:59,01:03:29,False
85369942,10,1,09:57:48,10:10:46,00:12:58,False
85370010,10,1,10:56:12,10:56:12,00:00:00,False
85370011,10,1,08:28:12,08:28:12,00:00:00,False
85370012,10,1,10:35:40,10:35:40,00:00:00,False
85370014,10,1,08:13:15,08:13:15,00:00:00,False
85370070,10,1,20:27:57,21:41:59,01:14:02,False
85370071,10,1,11:28:21,11:28:21,00:00:00,False
85370072,10,1,04:32:57,04:32:57,00:00:00,False
85370073,10,1,10:02:49,10:02:49,00:00:00,False
85370075,10,1,10:16:15,10:16:15,00:00:00,False
85370076,10,1,13:52:45,13:52:45,00:00:00,False
85370168,10,1,13:13:19,13:13:19,00:00:00,False
85370208,10,1,18:03:48,18:03:48,00:00:00,False
85370571,10,1,16:45:53,16:45:53,00:00:00,False
85370999,10,1,06:12:43,07:04:31,00:51:47,False
85370999,10,1,07:08:52,07:48:31,00:39:39,False
85371326,10,1,13:19:44,17:06:44,03:46:59,False
85371327,10,1,09:44:48,09:44:48,00:00:00,False
85371859,10,1,09:32:15,09:32:15,00:00:00,False
85371860,10,1,09:33:18,09:33:18,00:00:00,False
85371861,10,1,02:37:38,02:37:38,00:00:00,False
85371862,10,1,02:37:02,02:37:02,00:00:00,False
85371863,10,1,09:31:49,09:31:49,00:00:00,False
85371864,10,1,02:37:22,02:37:22,00:00:00,False
85371865,10,1,09:32:53,09:32:53,00:00:00,False
85371866,10,1,14:16:15,18:23:39,04:07:23,False
85371870,10,1,08:33:22,08:33:22,00:00:00,False
85371871,10,1,09:23:20,09:23:38,00:00:17,False
85371873,10,1,09:52:01,09:52:01,00:00:00,False
85371874,10,1,10:21:47,10:21:47,00:00:00,False
85371875,10,1,13:27:44,13:27:44,00:00:00,False
85371936,10,1,13:47:40,13:47:40,00:00:00,False
85372370,10,1,00:53:23,00:53:23,00:00:00,False
85372492,10,1,19:06:44,19:06:44,00:00:00,False
85372493,10,1,15:34:09,17:02:00,01:27:51,False
85372494,10,1,13:03:41,13:03:41,00:00:00,False
85372568,10,1,14:34:30,15:37:12,01:02:41,False
85372823,10,1,08:32:31,08:32:31,00:00:00,False
85372880,10,1,13:09:01,13:09:01,00:00:00,False
85372890,10,1,09:18:42,09:23:03,00:04:20,False
85373358,10,1,08:30:03,08:30:03,00:00:00,False
85373359,10,1,09:37:16,10:17:29,00:40:13,False
85373463,10,1,09:54:24,09:54:24,00:00:00,False
85373778,10,1,07:11:30,07:11:30,00:00:00,False
85373802,10,1,16:22:33,17:03:35,00:41:01,False
85373806,10,1,18:41:15,18:41:15,00:00:00,False
85373807,10,1,10:23:19,10:23:19,00:00:00,False
85373808,10,1,21:32:59,21:32:59,00:00:00,False
85373811,10,1,09:49:09,09:49:09,00:00:00,False
85373812,10,1,08:12:47,12:49:59,04:37:12,False
85373813,10,1,07:58:05,09:43:08,01:45:03,False
85373814,10,1,18:32:52,18:32:52,00:00:00,False
85373854,10,1,20:03:25,20:03:25,00:00:00,False
85373856,10,1,17:09:44,17:09:44,00:00:00,False
85373857,10,1,09:24:17,10:36:40,01:12:22,False
85373858,10,1,07:11:53,10:02:19,02:50:25,False
85373859,10,1,16:36:19,21:32:12,04:55:53,False
85373866,10,1,22:56:40,22:56:40,00:00:00,False
85373867,10,1,08:19:28,08:19:28,00:00:00,False
85373868,10,1,11:25:49,15:55:04,04:29:14,False
85373869,10,1,16:09:08,16:09:08,00:00:00,False
85373955,10,1,15:36:54,15:36:54,00:00:00,False
85374053,10,1,13:09:12,13:09:12,00:00:00,False
85374054,10,1,07:31:37,08:22:54,00:51:17,False
85374055,10,1,03:42:30,03:42:56,00:00:26,False
85374064,10,1,16:29:42,16:29:42,00:00:00,False
85374356,10,1,15:17:54,15:17:54,00:00:00,False
85374499,10,1,18:17:02,18:40:34,00:23:32,False
85375187,10,1,10:18:11,10:47:50,00:29:39,False
85375187,10,1,10:48:35,11:12:34,00:23:58,False
85375187,10,1,11:14:57,12:36:49,01:21:51,False
85375187,10,1,12:39:50,18:41:33,06:01:43,False
85375188,10,1,10:28:47,13:16:25,02:47:38,False
85375426,10,1,22:48:08,06:57:02,08:08:54,False
85375429,10,1,21:34:08,21:56:19,00:22:11,False
85375429,10,1,21:56:41,22:24:20,00:27:39,False
85375429,10,1,22:24:35,22:28:52,00:04:16,False
85375429,10,1,22:31:06,22:55:02,00:23:56,False
85375429,10,1,23:15:09,02:24:53,03:09:44,False
85375429,10,1,02:25:08,02:34:23,00:09:14,False
85375448,10,1,09:16:53,09:16:53,00:00:00,False
85375449,10,1,19:07:29,19:07:29,00:00:00,False
85375450,10,1,16:57:50,16:57:50,00:00:00,False
85375451,10,1,00:57:47,00:57:47,00:00:00,False
85375455,10,1,01:59:44,02:02:26,00:02:42,False
85375456,10,1,15:56:26,15:56:26,00:00:00,False
85375457,10,1,13:00:02,13:00:02,00:00:00,False
85375458,10,1,11:25:31,11:25:31,00:00:00,False
85375474,10,1,02:24:22,02:39:35,00:15:13,False
85375476,10,1,16:34:23,16:34:23,00:00:00,False
85375554,10,1,18:11:26,19:06:04,00:54:37,False
85375555,10,1,14:10:58,14:30:26,00:19:27,False
85375555,10,1,14:30:51,14:36:05,00:05:13,False
85375555,10,1,15:26:44,18:34:52,03:08:08,False
85375556,10,1,15:27:48,19:39:43,04:11:55,False
85376574,10,1,16:58:47,18:23:59,01:25:11,False
85376574,10,1,18:24:19,18:42:48,00:18:29,False
85376574,10,1,18:43:14,19:04:14,00:21:00,False
85376574,10,1,19:04:57,23:14:34,04:09:36,False
85376575,10,1,18:12:33,19:52:21,01:39:48,False
85376576,10,1,10:13:10,10:13:10,00:00:00,False
85376577,10,1,09:33:39,09:33:39,00:00:00,False
85376636,10,1,10:17:11,10:17:11,00:00:00,False
85376977,10,1,17:07:54,18:45:43,01:37:48,False
85376977,10,1,18:45:55,19:08:26,00:22:31,False
85376977,10,1,19:08:38,19:27:29,00:18:51,False
85376977,10,1,19:27:48,21:50:54,02:23:05,False
85377014,10,1,00:52:45,00:52:45,00:00:00,False
85377052,10,1,10:28:16,10:28:16,00:00:00,False
85377331,10,1,22:45:10,22:53:01,00:07:51,False
85377332,10,1,01:34:55,01:34:55,00:00:00,False
85377333,10,1,20:33:01,20:33:01,00:00:00,False
85377764,10,1,14:11:07,14:11:07,00:00:00,False
85378564,10,1,02:39:12,03:25:03,00:45:51,False
85378564,10,1,03:25:21,03:29:10,00:03:49,False
85378564,10,1,03:29:25,03:51:52,00:22:27,False
85378564,10,1,03:52:32,03:52:32,00:00:00,False
85378616,10,1,15:44:07,15:44:07,00:00:00,False
85378681,10,1,18:18:11,19:14:33,00:56:22,False
85378681,10,1,19:24:53,20:02:58,00:38:04,False
85378685,10,1,11:17:28,12:48:26,01:30:57,False
85378685,10,1,12:49:08,13:48:40,00:59:32,False
85379665,10,1,07:52:26,08:03:13,00:10:46,False
85379665,10,1,08:03:42,09:17:27,01:13:44,False
85379665,10,1,09:25:50,09:52:22,00:26:32,False
85380137,10,1,03:54:36,04:01:09,00:06:32,False
85380137,10,1,04:01:39,04:40:37,00:38:58,False
85380137,10,1,05:22:20,05:22:20,00:00:00,False
85380242,10,1,03:18:13,03:18:13,00:00:00,False
85380312,10,1,18:10:04,20:11:45,02:01:41,False
85380313,10,1,18:12:44,22:30:46,04:18:01,False
85380314,10,1,02:48:36,03:23:31,00:34:55,False
85380314,10,1,03:24:02,03:28:14,00:04:11,False
85380314,10,1,03:28:36,03:33:14,00:04:37,False
85380314,10,1,03:34:01,04:19:04,00:45:03,False
85380314,10,1,04:19:16,08:16:44,03:57:27,False
85380315,10,1,02:31:26,02:35:41,00:04:15,False
85380316,10,1,22:37:02,22:37:37,00:00:35,False
85380317,10,1,22:51:11,23:07:22,00:16:11,False
85380416,10,1,03:30:54,06:02:50,02:31:56,False
85380416,10,1,06:06:35,06:21:18,00:14:42,False
85380416,10,1,06:27:26,06:48:29,00:21:02,False
85380416,10,1,07:02:46,07:25:35,00:22:48,False
85380416,10,1,07:28:40,09:25:26,01:56:46,False
85380417,10,1,19:13:56,19:43:57,00:30:00,False
85380417,10,1,19:44:17,19:54:54,00:10:37,False
85380417,10,1,20:00:44,20:08:50,00:08:05,False
85380417,10,1,20:09:09,21:25:42,01:16:33,False
85380417,10,1,21:26:07,21:58:56,00:32:48,False
85380417,10,1,21:59:11,00:36:46,02:37:35,False
85380418,10,1,01:19:37,03:43:25,02:23:47,False
85380422,10,1,22:50:21,22:50:21,00:00:00,False
85380447,10,1,22:52:14,22:52:14,00:00:00,False
85380531,10,1,02:32:20,02:39:03,00:06:42,False
85380842,10,1,22:36:32,22:36:32,00:00:00,False
85380847,10,1,07:10:01,07:10:01,00:00:00,False
85380849,10,1,13:23:36,13:23:36,00:00:00,False
85380850,10,1,13:23:02,13:45:07,00:22:04,False
85380851,10,1,13:21:47,13:21:47,00:00:00,False
85380852,10,1,13:21:16,13:27:09,00:05:52,False
85380897,10,1,06:39:39,06:39:39,00:00:00,False
85380898,10,1,07:14:26,07:14:26,00:00:00,False
85380899,10,1,06:27:56,06:27:56,00:00:00,False
85380900,10,1,06:37:28,06:55:45,00:18:17,False
85380901,10,1,06:48:56,07:16:05,00:27:08,False
85380904,10,1,03:22:30,07:57:26,04:34:56,False
85380905,10,1,03:43:18,03:50:06,00:06:48,False
85380906,10,1,01:21:06,07:21:27,06:00:21,False
85380915,10,1,06:40:38,07:49:41,01:09:03,False
85380916,10,1,13:58:51,16:42:24,02:43:33,False
85380917,10,1,15:18:31,17:00:15,01:41:43,False
85380919,10,1,09:37:11,13:03:21,03:26:09,False
85380920,10,1,10:39:46,13:18:09,02:38:22,False
85380921,10,1,10:47:17,12:32:21,01:45:03,False
85380922,10,1,11:06:00,13:02:04,01:56:03,False
85380923,10,1,13:46:44,13:46:44,00:00:00,False
85380924,10,1,13:28:31,13:28:31,00:00:00,False
85380926,10,1,13:53:20,14:08:36,00:15:16,False
85381284,10,1,23:31:43,01:54:48,02:23:04,False
85381285,10,1,15:53:00,15:53:00,00:00:00,False
85381286,10,1,22:50:44,22:50:44,00:00:00,False
85381289,10,1,16:35:57,16:35:57,00:00:00,False
85381290,10,1,10:25:54,10:25:54,00:00:00,False
85381395,10,1,22:45:00,22:45:00,00:00:00,False
85381401,10,1,06:11:17,06:11:17,00:00:00,False
85381402,10,1,13:44:13,13:44:13,00:00:00,False
85381403,10,1,23:29:19,23:29:59,00:00:40,False
85381404,10,1,23:34:14,01:09:06,01:34:51,False
85381407,10,1,00:44:25,00:44:25,00:00:00,False
85381408,10,1,13:27:50,13:27:50,00:00:00,False
85381409,10,1,13:45:50,13:45:50,00:00:00,False
85381693,10,1,18:31:03,20:15:28,01:44:24,False
85381982,10,1,12:51:16,13:02:09,00:10:53,False
85381982,10,1,13:02:27,13:16:42,00:14:14,False
85381982,10,1,13:43:42,19:25:37,05:41:55,False
85381983,10,1,12:59:30,15:54:11,02:54:40,False
85381985,10,1,22:26:46,22:26:46,00:00:00,False
85381986,10,1,22:24:25,22:24:25,00:00:00,False
85381994,10,1,23:07:38,23:07:38,00:00:00,False
85381995,10,1,02:21:09,02:21:09,00:00:00,False
85382644,10,1,18:11:27,18:26:00,00:14:33,False
85382644,10,1,18:26:12,18:46:26,00:20:13,False
85382644,10,1,18:46:43,18:58:50,00:12:07,False
85382644,10,1,18:59:03,19:07:49,00:08:46,False
85382644,10,1,19:08:15,19:16:54,00:08:38,False
85382644,10,1,19:17:22,19:22:10,00:04:47,False
85382644,10,1,19:22:27,19:46:22,00:23:55,False
85382644,10,1,19:46:33,19:55:38,00:09:04,False
85382644,10,1,19:56:07,20:17:17,00:21:09,False
85382644,10,1,20:17:40,20:27:16,00:09:36,False
85382644,10,1,20:27:34,21:19:32,00:51:58,False
85382644,10,1,21:19:51,21:29:28,00:09:37,False
85382644,10,1,21:29:39,22:23:42,00:54:03,False
85382644,10,1,22:24:57,01:31:36,03:06:38,False
85382681,10,1,23:32:46,01:17:57,01:45:10,False
85382682,10,1,00:49:00,00:49:00,00:00:00,False
85382686,10,1,09:37:20,09:37:20,00:00:00,False
85382687,10,1,03:41:53,03:41:53,00:00:00,False
85382688,10,1,02:17:34,02:17:34,00:00:00,False
85382689,10,1,01:41:05,01:41:05,00:00:00,False
85382923,10,1,00:57:54,01:13:08,00:15:14,False
85382925,10,1,22:24:40,22:24:40,00:00:00,False
85382969,10,1,01:16:19,03:44:39,02:28:19,False
85382970,10,1,03:25:14,04:01:58,00:36:43,False
85382971,10,1,01:10:29,01:18:43,00:08:14,False
85382976,10,1,23:27:27,01:09:52,01:42:25,False
85382979,10,1,02:00:57,02:00:57,00:00:00,False
85383076,10,1,08:33:50,08:33:50,00:00:00,False
85383077,10,1,01:18:13,01:18:13,00:00:00,False
85383078,10,1,20:23:27,20:26:59,00:03:31,False
85383246,10,1,16:14:58,16:14:58,00:00:00,False
85383247,10,1,22:25:19,22:25:19,00:00:00,False
85383249,10,1,22:36:45,22:36:45,00:00:00,False
85383364,10,1,00:49:37,00:49:37,00:00:00,False
85383365,10,1,15:56:31,15:56:31,00:00:00,False
85383366,10,1,01:02:31,01:02:31,00:00:00,False
85383396,10,1,22:58:31,23:31:35,00:33:03,False
85383397,10,1,17:13:19,19:09:35,01:56:16,False
85383453,10,1,22:20:09,22:20:09,00:00:00,False
85383467,10,1,16:01:24,18:14:44,02:13:20,False
85383532,10,1,06:30:34,06:30:34,00:00:00,False
85383660,10,1,22:21:47,22:27:35,00:05:47,False
85383741,10,1,22:44:18,22:57:38,00:13:20,False
85383742,10,1,11:27:28,11:27:28,00:00:00,False
85383743,10,1,22:28:10,22:49:54,00:21:44,False
85383765,10,1,00:36:47,00:40:09,00:03:22,False
85383765,10,1,00:43:02,00:48:13,00:05:11,False
85383765,10,1,00:50:09,01:02:51,00:12:42,False
85383765,10,1,01:03:09,02:31:48,01:28:38,False
85383768,10,1,02:33:37,02:33:37,00:00:00,False
85383858,10,1,05:22:45,06:16:00,00:53:15,False
85383858,10,1,06:16:25,06:29:30,00:13:05,False
85383858,10,1,06:36:30,06:45:57,00:09:27,False
85383858,10,1,06:46:17,06:55:03,00:08:46,False
85383858,10,1,06:55:25,07:06:10,00:10:45,False
85383858,10,1,07:06:39,07:13:04,00:06:24,False
85383858,10,1,07:13:28,07:35:56,00:22:28,False
85383858,10,1,07:38:00,07:54:11,00:16:10,False
85383858,10,1,07:54:48,08:03:17,00:08:28,False
85383858,10,1,08:04:56,12:51:07,04:46:11,False
85383872,10,1,02:22:58,04:49:05,02:26:07,False
85383872,10,1,07:55:28,07:55:28,00:00:00,False
85383874,10,1,16:02:59,18:13:38,02:10:39,False
85383875,10,1,14:05:12,14:06:14,00:01:01,False
85383876,10,1,23:33:06,01:08:40,01:35:34,False
85383877,10,1,00:58:20,00:58:20,00:00:00,False
85383878,10,1,03:36:12,03:36:12,00:00:00,False
85383883,10,1,23:08:16,23:08:16,00:00:00,False
85383884,10,1,01:58:16,02:48:08,00:49:52,False
85383889,10,1,00:54:52,00:54:52,00:00:00,False
85384089,10,1,13:21:48,15:33:35,02:11:46,False
85384312,10,1,18:13:09,19:25:09,01:12:00,False
85384313,10,1,22:22:33,22:22:33,00:00:00,False
85384318,10,1,18:32:45,18:32:45,00:00:00,False
85385728,10,1,17:27:10,17:30:29,00:03:18,False
85385728,10,1,17:30:56,17:37:02,00:06:05,False
85385809,10,1,22:18:14,22:18:52,00:00:38,False
85385810,10,1,22:19:35,22:19:35,00:00:00,False
85385811,10,1,03:44:24,03:44:24,00:00:00,False
85385813,10,1,04:37:13,04:37:13,00:00:00,False
85386051,10,1,03:58:46,03:58:46,00:00:00,False
85386052,10,1,18:04:04,18:47:09,00:43:04,False
85386187,10,1,22:27:22,22:29:38,00:02:16,False
85386395,10,1,22:39:50,22:56:08,00:16:18,False
85386397,10,1,19:38:52,21:23:29,01:44:36,False
85386397,10,1,21:23:47,21:45:43,00:21:55,False
85386399,10,1,22:53:36,23:01:56,00:08:20,False
85386399,10,1,23:02:13,01:08:02,02:05:48,False
85386401,10,1,13:17:03,13:46:09,00:29:05,False
85386401,10,1,14:06:44,16:13:30,02:06:46,False
85386405,10,1,18:15:11,18:15:25,00:00:13,False
85386481,10,1,18:36:13,19:38:02,01:01:48,False
85386540,10,1,20:26:02,21:20:21,00:54:19,False
85386540,10,1,21:20:47,21:22:56,00:02:09,False
85386591,10,1,01:20:32,05:05:42,03:45:10,False
85386730,10,1,02:24:37,02:24:37,00:00:00,False
85386768,10,1,22:28:22,02:20:00,03:51:37,False
85386772,10,1,13:00:59,15:47:18,02:46:18,False
85386774,10,1,02:21:41,09:23:40,07:01:59,False
85386900,10,1,22:19:08,22:19:08,00:00:00,False
85386904,10,1,13:20:46,16:48:27,03:27:41,False
85387380,10,1,02:23:42,06:36:39,04:12:57,False
85387480,10,1,03:33:03,03:33:18,00:00:15,False
85387494,10,1,07:16:27,07:28:49,00:12:22,False
85387494,10,1,07:31:20,08:12:18,00:40:58,False
85387494,10,1,08:12:45,09:26:26,01:13:41,False
85387494,10,1,09:28:44,09:34:43,00:05:58,False
85387494,10,1,09:48:43,13:35:35,03:46:52,False
85387582,10,1,02:27:56,02:27:56,00:00:00,False
85387851,10,1,21:19:52,21:19:52,00:00:00,False
85387852,10,1,21:42:25,21:42:25,00:00:00,False
85387929,10,1,11:09:48,11:09:48,00:00:00,False
85388214,10,1,12:54:08,12:54:08,00:00:00,False
85388342,10,1,14:23:11,16:21:30,01:58:19,False
85388786,10,1,10:56:13,11:04:45,00:08:32,False
85388801,10,1,16:36:50,16:36:50,00:00:00,False
85388880,10,1,12:52:30,12:52:30,00:00:00,False
85388916,10,1,03:45:50,03:45:50,00:00:00,False
85389080,10,1,14:06:52,14:06:52,00:00:00,False
85389324,10,1,13:14:28,13:34:41,00:20:13,False
85389388,10,1,04:02:49,05:21:12,01:18:23,False
85389392,10,1,13:13:53,13:13:53,00:00:00,False
85389445,10,1,02:36:32,02:36:32,00:00:00,False
85389446,10,1,15:52:21,16:04:15,00:11:53,False
85389446,10,1,16:04:42,16:44:38,00:39:56,False
85389446,10,1,16:45:02,16:50:18,00:05:16,False
85389446,10,1,16:50:43,16:55:40,00:04:57,False
85389446,10,1,16:56:03,17:00:13,00:04:10,False
85389448,10,1,14:07:17,15:21:31,01:14:13,False
85389450,10,1,14:30:40,15:40:46,01:10:05,False
85389463,10,1,10:29:11,10:29:11,00:00:00,False
85389843,10,1,09:52:29,10:51:12,00:58:42,False
85389843,10,1,11:06:42,11:18:27,00:11:44,False
85389843,10,1,12:38:29,16:07:10,03:28:40,False
85389844,10,1,11:03:50,12:52:57,01:49:07,False
